This file contains any messages produced by compilers while
running configure, to aid debugging if configure makes a mistake.

It was created by WindowMaker configure 0.96.0, which was
generated by GNU Autoconf 2.71.  Invocation command line was

  $ ./configure --prefix=/usr --sysconfdir=/etc --enable-xinerama --localedir=/usr/share/locale --with-gnustepdir=/usr/lib/GNUstep --enable-usermenu --enable-modelock --enable-randr

## --------- ##
## Platform. ##
## --------- ##

hostname = Tomoya
uname -m = x86_64
uname -r = 7.0.10-zen1-1-zen
uname -s = Linux
uname -v = #1 ZEN SMP PREEMPT_DYNAMIC Sat, 23 May 2026 14:45:01 +0000

/usr/bin/uname -p = unknown
/bin/uname -X     = unknown

/bin/arch              = unknown
/usr/bin/arch -k       = unknown
/usr/convex/getsysinfo = unknown
/usr/bin/hostinfo      = unknown
/bin/machine           = unknown
/usr/bin/oslevel       = unknown
/bin/universe          = unknown

PATH: /usr/local/sbin/
PATH: /usr/local/bin/
PATH: /usr/bin/
PATH: /usr/bin/site_perl/
PATH: /usr/bin/vendor_perl/
PATH: /usr/bin/core_perl/


## ----------- ##
## Core tests. ##
## ----------- ##

configure:3109: looking for aux files: config.guess config.sub ltmain.sh compile missing install-sh
configure:3122:  trying ./
configure:3151:   ./config.guess found
configure:3151:   ./config.sub found
configure:3151:   ./ltmain.sh found
configure:3151:   ./compile found
configure:3151:   ./missing found
configure:3133:   ./install-sh found
configure:3284: checking for a BSD-compatible install
configure:3357: result: /usr/bin/install -c
configure:3368: checking whether build environment is sane
configure:3423: result: yes
configure:3582: checking for a race-free mkdir -p
configure:3626: result: /usr/bin/mkdir -p
configure:3633: checking for gawk
configure:3654: found /usr/bin/gawk
configure:3665: result: gawk
configure:3676: checking whether make sets $(MAKE)
configure:3699: result: yes
configure:3729: checking whether make supports nested variables
configure:3747: result: yes
configure:3968: checking for gcc
configure:3989: found /usr/bin/gcc
configure:4000: result: gcc
configure:4353: checking for C compiler version
configure:4362: gcc --version >&5
gcc (GCC) 16.1.1 20260430
Copyright (C) 2026 Free Software Foundation, Inc.
This is free software; see the source for copying conditions.  There is NO
warranty; not even for MERCHANTABILITY or FITNESS FOR A PARTICULAR PURPOSE.

configure:4373: $? = 0
configure:4362: gcc -v >&5
Using built-in specs.
COLLECT_GCC=gcc
COLLECT_LTO_WRAPPER=/usr/lib/gcc/x86_64-pc-linux-gnu/16.1.1/lto-wrapper
Target: x86_64-pc-linux-gnu
Configured with: /build/gcc/src/gcc/configure --enable-languages=ada,c,c++,d,fortran,go,lto,m2,objc,obj-c++,rust,cobol --enable-bootstrap --prefix=/usr --libdir=/usr/lib --libexecdir=/usr/lib --mandir=/usr/share/man --infodir=/usr/share/info --with-bugurl=https://gitlab.archlinux.org/archlinux/packaging/packages/gcc/-/issues --with-build-config=bootstrap-lto --with-linker-hash-style=gnu --with-system-zlib --enable-cet=auto --enable-checking=release --enable-clocale=gnu --enable-default-pie --enable-default-ssp --enable-gnu-indirect-function --enable-gnu-unique-object --enable-libstdcxx-backtrace --enable-link-serialization=1 --enable-linker-build-id --enable-lto --enable-multilib --enable-plugin --enable-shared --enable-threads=posix --disable-libssp --disable-libstdcxx-pch --disable-werror --disable-fixincludes
Thread model: posix
Supported LTO compression algorithms: zlib zstd
gcc version 16.1.1 20260430 (GCC) 
configure:4373: $? = 0
configure:4362: gcc -V >&5
gcc: error: unrecognized command-line option '-V'
gcc: fatal error: no input files
compilation terminated.
configure:4373: $? = 1
configure:4362: gcc -qversion >&5
gcc: error: unrecognized command-line option '-qversion'; did you mean '--version'?
gcc: fatal error: no input files
compilation terminated.
configure:4373: $? = 1
configure:4362: gcc -version >&5
gcc: error: unrecognized command-line option '-version'
gcc: fatal error: no input files
compilation terminated.
configure:4373: $? = 1
configure:4393: checking whether the C compiler works
configure:4415: gcc -march=x86-64 -mtune=generic -O2 -pipe -fno-plt -fexceptions         -Wp,-D_FORTIFY_SOURCE=3 -Wformat -Werror=format-security         -fstack-clash-protection -fcf-protection         -fno-omit-frame-pointer -mno-omit-leaf-frame-pointer -g -ffile-prefix-map=/home/nekane/wagashi/windowmaker/src=/usr/src/debug/windowmaker -flto=auto  -Wl,-O1 -Wl,--sort-common -Wl,--as-needed -Wl,-z,relro -Wl,-z,now          -Wl,-z,pack-relative-relocs -flto=auto conftest.c  >&5
configure:4419: $? = 0
configure:4469: result: yes
configure:4472: checking for C compiler default output file name
configure:4474: result: a.out
configure:4480: checking for suffix of executables
configure:4487: gcc -o conftest -march=x86-64 -mtune=generic -O2 -pipe -fno-plt -fexceptions         -Wp,-D_FORTIFY_SOURCE=3 -Wformat -Werror=format-security         -fstack-clash-protection -fcf-protection         -fno-omit-frame-pointer -mno-omit-leaf-frame-pointer -g -ffile-prefix-map=/home/nekane/wagashi/windowmaker/src=/usr/src/debug/windowmaker -flto=auto  -Wl,-O1 -Wl,--sort-common -Wl,--as-needed -Wl,-z,relro -Wl,-z,now          -Wl,-z,pack-relative-relocs -flto=auto conftest.c  >&5
configure:4491: $? = 0
configure:4514: result: 
configure:4536: checking whether we are cross compiling
configure:4544: gcc -o conftest -march=x86-64 -mtune=generic -O2 -pipe -fno-plt -fexceptions         -Wp,-D_FORTIFY_SOURCE=3 -Wformat -Werror=format-security         -fstack-clash-protection -fcf-protection         -fno-omit-frame-pointer -mno-omit-leaf-frame-pointer -g -ffile-prefix-map=/home/nekane/wagashi/windowmaker/src=/usr/src/debug/windowmaker -flto=auto  -Wl,-O1 -Wl,--sort-common -Wl,--as-needed -Wl,-z,relro -Wl,-z,now          -Wl,-z,pack-relative-relocs -flto=auto conftest.c  >&5
configure:4548: $? = 0
configure:4555: ./conftest
configure:4559: $? = 0
configure:4574: result: no
configure:4579: checking for suffix of object files
configure:4602: gcc -c -march=x86-64 -mtune=generic -O2 -pipe -fno-plt -fexceptions         -Wp,-D_FORTIFY_SOURCE=3 -Wformat -Werror=format-security         -fstack-clash-protection -fcf-protection         -fno-omit-frame-pointer -mno-omit-leaf-frame-pointer -g -ffile-prefix-map=/home/nekane/wagashi/windowmaker/src=/usr/src/debug/windowmaker -flto=auto  conftest.c >&5
configure:4606: $? = 0
configure:4628: result: o
configure:4632: checking whether the compiler supports GNU C
configure:4652: gcc -c -march=x86-64 -mtune=generic -O2 -pipe -fno-plt -fexceptions         -Wp,-D_FORTIFY_SOURCE=3 -Wformat -Werror=format-security         -fstack-clash-protection -fcf-protection         -fno-omit-frame-pointer -mno-omit-leaf-frame-pointer -g -ffile-prefix-map=/home/nekane/wagashi/windowmaker/src=/usr/src/debug/windowmaker -flto=auto  conftest.c >&5
configure:4652: $? = 0
configure:4662: result: yes
configure:4673: checking whether gcc accepts -g
configure:4694: gcc -c -g  conftest.c >&5
configure:4694: $? = 0
configure:4738: result: yes
configure:4758: checking for gcc option to enable C11 features
configure:4773: gcc  -c -march=x86-64 -mtune=generic -O2 -pipe -fno-plt -fexceptions         -Wp,-D_FORTIFY_SOURCE=3 -Wformat -Werror=format-security         -fstack-clash-protection -fcf-protection         -fno-omit-frame-pointer -mno-omit-leaf-frame-pointer -g -ffile-prefix-map=/home/nekane/wagashi/windowmaker/src=/usr/src/debug/windowmaker -flto=auto  conftest.c >&5
conftest.c: In function 'e':
conftest.c:25:14: warning: old-style function definition [-Wold-style-definition]
   25 | static char *e (p, i)
      |              ^
configure:4773: $? = 0
configure:4791: result: none needed
configure:4907: checking whether gcc understands -c and -o together
configure:4930: gcc -c conftest.c -o conftest2.o
configure:4933: $? = 0
configure:4930: gcc -c conftest.c -o conftest2.o
configure:4933: $? = 0
configure:4945: result: yes
configure:4965: checking whether make supports the include directive
configure:4980: make -f confmf.GNU && cat confinc.out
this is the am__doit target
configure:4983: $? = 0
configure:5002: result: yes (GNU style)
configure:5028: checking dependency style of gcc
configure:5140: result: gcc3
configure:5156: checking for C11 standard support
configure:5181: gcc -c -march=x86-64 -mtune=generic -O2 -pipe -fno-plt -fexceptions         -Wp,-D_FORTIFY_SOURCE=3 -Wformat -Werror=format-security         -fstack-clash-protection -fcf-protection         -fno-omit-frame-pointer -mno-omit-leaf-frame-pointer -g -ffile-prefix-map=/home/nekane/wagashi/windowmaker/src=/usr/src/debug/windowmaker -flto=auto   conftest.c >&5
configure:5181: $? = 0
configure:5189: result: native
configure:5198: checking whether ln -s works
configure:5202: result: yes
configure:5214: checking how to run the C preprocessor
configure:5240: gcc -E  conftest.c
configure:5240: $? = 0
configure:5255: gcc -E  conftest.c
conftest.c:11:10: fatal error: ac_nonexistent.h: No such file or directory
   11 | #include <ac_nonexistent.h>
      |          ^~~~~~~~~~~~~~~~~~
compilation terminated.
configure:5255: $? = 1
configure: failed program was:
| /* confdefs.h */
| #define PACKAGE_NAME "WindowMaker"
| #define PACKAGE_TARNAME "WindowMaker"
| #define PACKAGE_VERSION "0.96.0"
| #define PACKAGE_STRING "WindowMaker 0.96.0"
| #define PACKAGE_BUGREPORT "wmaker-dev@googlegroups.com"
| #define PACKAGE_URL "http://www.windowmaker.org/"
| #define PACKAGE "WindowMaker"
| #define VERSION "0.96.0"
| /* end confdefs.h.  */
| #include <ac_nonexistent.h>
configure:5282: result: gcc -E
configure:5296: gcc -E  conftest.c
configure:5296: $? = 0
configure:5311: gcc -E  conftest.c
conftest.c:11:10: fatal error: ac_nonexistent.h: No such file or directory
   11 | #include <ac_nonexistent.h>
      |          ^~~~~~~~~~~~~~~~~~
compilation terminated.
configure:5311: $? = 1
configure: failed program was:
| /* confdefs.h */
| #define PACKAGE_NAME "WindowMaker"
| #define PACKAGE_TARNAME "WindowMaker"
| #define PACKAGE_VERSION "0.96.0"
| #define PACKAGE_STRING "WindowMaker 0.96.0"
| #define PACKAGE_BUGREPORT "wmaker-dev@googlegroups.com"
| #define PACKAGE_URL "http://www.windowmaker.org/"
| #define PACKAGE "WindowMaker"
| #define VERSION "0.96.0"
| /* end confdefs.h.  */
| #include <ac_nonexistent.h>
configure:5342: checking for grep that handles long lines and -e
configure:5406: result: /usr/bin/grep
configure:5411: checking for egrep
configure:5479: result: /usr/bin/grep -E
configure:5485: checking whether gcc needs -traditional
conftest.c:11:10: fatal error: termio.h: No such file or directory
   11 | #include <termio.h>
      |          ^~~~~~~~~~
compilation terminated.
configure:5522: result: no
configure:5561: checking build system type
configure:5576: result: x86_64-pc-linux-gnu
configure:5596: checking host system type
configure:5610: result: x86_64-pc-linux-gnu
configure:5651: checking how to print strings
configure:5678: result: printf
configure:5699: checking for a sed that does not truncate output
configure:5769: result: /usr/bin/sed
configure:5787: checking for fgrep
configure:5855: result: /usr/bin/grep -F
configure:5891: checking for ld used by gcc
configure:5959: result: /usr/bin/ld
configure:5966: checking if the linker (/usr/bin/ld) is GNU ld
configure:5982: result: yes
configure:5994: checking for BSD- or MS-compatible name lister (nm)
configure:6049: result: /usr/bin/nm -B
configure:6189: checking the name lister (/usr/bin/nm -B) interface
configure:6197: gcc -c -march=x86-64 -mtune=generic -O2 -pipe -fno-plt -fexceptions         -Wp,-D_FORTIFY_SOURCE=3 -Wformat -Werror=format-security         -fstack-clash-protection -fcf-protection         -fno-omit-frame-pointer -mno-omit-leaf-frame-pointer -g -ffile-prefix-map=/home/nekane/wagashi/windowmaker/src=/usr/src/debug/windowmaker -flto=auto  conftest.c >&5
configure:6200: /usr/bin/nm -B "conftest.o"
configure:6203: output
00000000 B some_variable
configure:6210: result: BSD nm
configure:6214: checking the maximum length of command line arguments
configure:6346: result: 1572864
configure:6394: checking how to convert x86_64-pc-linux-gnu file names to x86_64-pc-linux-gnu format
configure:6435: result: func_convert_file_noop
configure:6442: checking how to convert x86_64-pc-linux-gnu file names to toolchain format
configure:6463: result: func_convert_file_noop
configure:6470: checking for /usr/bin/ld option to reload object files
configure:6478: result: -r
configure:6557: checking for objdump
configure:6578: found /usr/bin/objdump
configure:6589: result: objdump
configure:6621: checking how to recognize dependent libraries
configure:6822: result: pass_all
configure:6912: checking for dlltool
configure:6947: result: no
configure:6977: checking how to associate runtime and link libraries
configure:7005: result: printf %s\n
configure:7070: checking for ar
configure:7091: found /usr/bin/ar
configure:7102: result: ar
configure:7139: checking for archiver @FILE support
configure:7157: gcc -c -march=x86-64 -mtune=generic -O2 -pipe -fno-plt -fexceptions         -Wp,-D_FORTIFY_SOURCE=3 -Wformat -Werror=format-security         -fstack-clash-protection -fcf-protection         -fno-omit-frame-pointer -mno-omit-leaf-frame-pointer -g -ffile-prefix-map=/home/nekane/wagashi/windowmaker/src=/usr/src/debug/windowmaker -flto=auto  conftest.c >&5
configure:7157: $? = 0
configure:7161: ar cr libconftest.a @conftest.lst >&5
configure:7164: $? = 0
configure:7169: ar cr libconftest.a @conftest.lst >&5
ar: conftest.o: No such file or directory
configure:7172: $? = 1
configure:7184: result: @
configure:7247: checking for strip
configure:7268: found /usr/bin/strip
configure:7279: result: strip
configure:7356: checking for ranlib
configure:7377: found /usr/bin/ranlib
configure:7388: result: ranlib
configure:7490: checking command to parse /usr/bin/nm -B output from gcc object
configure:7644: gcc -c -march=x86-64 -mtune=generic -O2 -pipe -fno-plt -fexceptions         -Wp,-D_FORTIFY_SOURCE=3 -Wformat -Werror=format-security         -fstack-clash-protection -fcf-protection         -fno-omit-frame-pointer -mno-omit-leaf-frame-pointer -g -ffile-prefix-map=/home/nekane/wagashi/windowmaker/src=/usr/src/debug/windowmaker -flto=auto  conftest.c >&5
configure:7647: $? = 0
configure:7651: /usr/bin/nm -B conftest.o | sed -n -e 's/^.*[	 ]\([ABCDGIRSTW][ABCDGIRSTW]*\)[	 ][	 ]*\([_A-Za-z][_A-Za-z0-9]*\)$/\1 \2 \2/p' | sed '/ __gnu_lto/d' > conftest.nm
configure:7717: gcc -o conftest -march=x86-64 -mtune=generic -O2 -pipe -fno-plt -fexceptions         -Wp,-D_FORTIFY_SOURCE=3 -Wformat -Werror=format-security         -fstack-clash-protection -fcf-protection         -fno-omit-frame-pointer -mno-omit-leaf-frame-pointer -g -ffile-prefix-map=/home/nekane/wagashi/windowmaker/src=/usr/src/debug/windowmaker -flto=auto  -Wl,-O1 -Wl,--sort-common -Wl,--as-needed -Wl,-z,relro -Wl,-z,now          -Wl,-z,pack-relative-relocs -flto=auto conftest.c conftstm.o >&5
configure:7720: $? = 0
configure:7758: result: ok
configure:7805: checking for sysroot
configure:7836: result: no
configure:7843: checking for a working dd
configure:7887: result: /usr/bin/dd
configure:7891: checking how to truncate binary pipes
configure:7907: result: /usr/bin/dd bs=4096 count=1
configure:8044: gcc -c -march=x86-64 -mtune=generic -O2 -pipe -fno-plt -fexceptions         -Wp,-D_FORTIFY_SOURCE=3 -Wformat -Werror=format-security         -fstack-clash-protection -fcf-protection         -fno-omit-frame-pointer -mno-omit-leaf-frame-pointer -g -ffile-prefix-map=/home/nekane/wagashi/windowmaker/src=/usr/src/debug/windowmaker -flto=auto  conftest.c >&5
configure:8047: $? = 0
configure:8244: checking for mt
configure:8279: result: no
configure:8299: checking if : is a manifest tool
configure:8306: : '-?'
configure:8314: result: no
configure:9044: checking for stdio.h
configure:9044: gcc -c -march=x86-64 -mtune=generic -O2 -pipe -fno-plt -fexceptions         -Wp,-D_FORTIFY_SOURCE=3 -Wformat -Werror=format-security         -fstack-clash-protection -fcf-protection         -fno-omit-frame-pointer -mno-omit-leaf-frame-pointer -g -ffile-prefix-map=/home/nekane/wagashi/windowmaker/src=/usr/src/debug/windowmaker -flto=auto  conftest.c >&5
configure:9044: $? = 0
configure:9044: result: yes
configure:9044: checking for stdlib.h
configure:9044: gcc -c -march=x86-64 -mtune=generic -O2 -pipe -fno-plt -fexceptions         -Wp,-D_FORTIFY_SOURCE=3 -Wformat -Werror=format-security         -fstack-clash-protection -fcf-protection         -fno-omit-frame-pointer -mno-omit-leaf-frame-pointer -g -ffile-prefix-map=/home/nekane/wagashi/windowmaker/src=/usr/src/debug/windowmaker -flto=auto  conftest.c >&5
configure:9044: $? = 0
configure:9044: result: yes
configure:9044: checking for string.h
configure:9044: gcc -c -march=x86-64 -mtune=generic -O2 -pipe -fno-plt -fexceptions         -Wp,-D_FORTIFY_SOURCE=3 -Wformat -Werror=format-security         -fstack-clash-protection -fcf-protection         -fno-omit-frame-pointer -mno-omit-leaf-frame-pointer -g -ffile-prefix-map=/home/nekane/wagashi/windowmaker/src=/usr/src/debug/windowmaker -flto=auto  conftest.c >&5
configure:9044: $? = 0
configure:9044: result: yes
configure:9044: checking for inttypes.h
configure:9044: gcc -c -march=x86-64 -mtune=generic -O2 -pipe -fno-plt -fexceptions         -Wp,-D_FORTIFY_SOURCE=3 -Wformat -Werror=format-security         -fstack-clash-protection -fcf-protection         -fno-omit-frame-pointer -mno-omit-leaf-frame-pointer -g -ffile-prefix-map=/home/nekane/wagashi/windowmaker/src=/usr/src/debug/windowmaker -flto=auto  conftest.c >&5
configure:9044: $? = 0
configure:9044: result: yes
configure:9044: checking for stdint.h
configure:9044: gcc -c -march=x86-64 -mtune=generic -O2 -pipe -fno-plt -fexceptions         -Wp,-D_FORTIFY_SOURCE=3 -Wformat -Werror=format-security         -fstack-clash-protection -fcf-protection         -fno-omit-frame-pointer -mno-omit-leaf-frame-pointer -g -ffile-prefix-map=/home/nekane/wagashi/windowmaker/src=/usr/src/debug/windowmaker -flto=auto  conftest.c >&5
configure:9044: $? = 0
configure:9044: result: yes
configure:9044: checking for strings.h
configure:9044: gcc -c -march=x86-64 -mtune=generic -O2 -pipe -fno-plt -fexceptions         -Wp,-D_FORTIFY_SOURCE=3 -Wformat -Werror=format-security         -fstack-clash-protection -fcf-protection         -fno-omit-frame-pointer -mno-omit-leaf-frame-pointer -g -ffile-prefix-map=/home/nekane/wagashi/windowmaker/src=/usr/src/debug/windowmaker -flto=auto  conftest.c >&5
configure:9044: $? = 0
configure:9044: result: yes
configure:9044: checking for sys/stat.h
configure:9044: gcc -c -march=x86-64 -mtune=generic -O2 -pipe -fno-plt -fexceptions         -Wp,-D_FORTIFY_SOURCE=3 -Wformat -Werror=format-security         -fstack-clash-protection -fcf-protection         -fno-omit-frame-pointer -mno-omit-leaf-frame-pointer -g -ffile-prefix-map=/home/nekane/wagashi/windowmaker/src=/usr/src/debug/windowmaker -flto=auto  conftest.c >&5
configure:9044: $? = 0
configure:9044: result: yes
configure:9044: checking for sys/types.h
configure:9044: gcc -c -march=x86-64 -mtune=generic -O2 -pipe -fno-plt -fexceptions         -Wp,-D_FORTIFY_SOURCE=3 -Wformat -Werror=format-security         -fstack-clash-protection -fcf-protection         -fno-omit-frame-pointer -mno-omit-leaf-frame-pointer -g -ffile-prefix-map=/home/nekane/wagashi/windowmaker/src=/usr/src/debug/windowmaker -flto=auto  conftest.c >&5
configure:9044: $? = 0
configure:9044: result: yes
configure:9044: checking for unistd.h
configure:9044: gcc -c -march=x86-64 -mtune=generic -O2 -pipe -fno-plt -fexceptions         -Wp,-D_FORTIFY_SOURCE=3 -Wformat -Werror=format-security         -fstack-clash-protection -fcf-protection         -fno-omit-frame-pointer -mno-omit-leaf-frame-pointer -g -ffile-prefix-map=/home/nekane/wagashi/windowmaker/src=/usr/src/debug/windowmaker -flto=auto  conftest.c >&5
configure:9044: $? = 0
configure:9044: result: yes
configure:9069: checking for dlfcn.h
configure:9069: gcc -c -march=x86-64 -mtune=generic -O2 -pipe -fno-plt -fexceptions         -Wp,-D_FORTIFY_SOURCE=3 -Wformat -Werror=format-security         -fstack-clash-protection -fcf-protection         -fno-omit-frame-pointer -mno-omit-leaf-frame-pointer -g -ffile-prefix-map=/home/nekane/wagashi/windowmaker/src=/usr/src/debug/windowmaker -flto=auto  conftest.c >&5
configure:9069: $? = 0
configure:9069: result: yes
configure:9328: checking for objdir
configure:9344: result: .libs
configure:9608: checking if gcc supports -fno-rtti -fno-exceptions
configure:9627: gcc -c -march=x86-64 -mtune=generic -O2 -pipe -fno-plt -fexceptions         -Wp,-D_FORTIFY_SOURCE=3 -Wformat -Werror=format-security         -fstack-clash-protection -fcf-protection         -fno-omit-frame-pointer -mno-omit-leaf-frame-pointer -g -ffile-prefix-map=/home/nekane/wagashi/windowmaker/src=/usr/src/debug/windowmaker -flto=auto  -fno-rtti -fno-exceptions conftest.c >&5
cc1: warning: command-line option '-fno-rtti' is valid for C++/D/ObjC++ but not for C
configure:9631: $? = 0
configure:9644: result: no
configure:10008: checking for gcc option to produce PIC
configure:10016: result: -fPIC -DPIC
configure:10024: checking if gcc PIC flag -fPIC -DPIC works
configure:10043: gcc -c -march=x86-64 -mtune=generic -O2 -pipe -fno-plt -fexceptions         -Wp,-D_FORTIFY_SOURCE=3 -Wformat -Werror=format-security         -fstack-clash-protection -fcf-protection         -fno-omit-frame-pointer -mno-omit-leaf-frame-pointer -g -ffile-prefix-map=/home/nekane/wagashi/windowmaker/src=/usr/src/debug/windowmaker -flto=auto  -fPIC -DPIC -DPIC conftest.c >&5
configure:10047: $? = 0
configure:10060: result: yes
configure:10089: checking if gcc static flag -static works
configure:10118: result: yes
configure:10133: checking if gcc supports -c -o file.o
configure:10155: gcc -c -march=x86-64 -mtune=generic -O2 -pipe -fno-plt -fexceptions         -Wp,-D_FORTIFY_SOURCE=3 -Wformat -Werror=format-security         -fstack-clash-protection -fcf-protection         -fno-omit-frame-pointer -mno-omit-leaf-frame-pointer -g -ffile-prefix-map=/home/nekane/wagashi/windowmaker/src=/usr/src/debug/windowmaker -flto=auto  -o out/conftest2.o conftest.c >&5
configure:10159: $? = 0
configure:10181: result: yes
configure:10189: checking if gcc supports -c -o file.o
configure:10237: result: yes
configure:10270: checking whether the gcc linker (/usr/bin/ld -m elf_x86_64) supports shared libraries
configure:11540: result: yes
configure:11577: checking whether -lc should be explicitly linked in
configure:11586: gcc -c -march=x86-64 -mtune=generic -O2 -pipe -fno-plt -fexceptions         -Wp,-D_FORTIFY_SOURCE=3 -Wformat -Werror=format-security         -fstack-clash-protection -fcf-protection         -fno-omit-frame-pointer -mno-omit-leaf-frame-pointer -g -ffile-prefix-map=/home/nekane/wagashi/windowmaker/src=/usr/src/debug/windowmaker -flto=auto  conftest.c >&5
configure:11589: $? = 0
configure:11604: gcc -shared  -fPIC -DPIC conftest.o  -v -Wl,-soname -Wl,conftest -o conftest 2\>\&1 \| /usr/bin/grep  -lc  \>/dev/null 2\>\&1
configure:11607: $? = 0
configure:11621: result: no
configure:11781: checking dynamic linker characteristics
configure:12363: gcc -o conftest -march=x86-64 -mtune=generic -O2 -pipe -fno-plt -fexceptions         -Wp,-D_FORTIFY_SOURCE=3 -Wformat -Werror=format-security         -fstack-clash-protection -fcf-protection         -fno-omit-frame-pointer -mno-omit-leaf-frame-pointer -g -ffile-prefix-map=/home/nekane/wagashi/windowmaker/src=/usr/src/debug/windowmaker -flto=auto  -Wl,-O1 -Wl,--sort-common -Wl,--as-needed -Wl,-z,relro -Wl,-z,now          -Wl,-z,pack-relative-relocs -flto=auto -Wl,-rpath -Wl,/foo conftest.c  >&5
configure:12363: $? = 0
configure:12614: result: GNU/Linux ld.so
configure:12736: checking how to hardcode library paths into programs
configure:12761: result: immediate
configure:13313: checking whether stripping libraries is possible
configure:13318: result: yes
configure:13353: checking if libtool supports shared libraries
configure:13355: result: yes
configure:13358: checking whether to build shared libraries
configure:13383: result: yes
configure:13386: checking whether to build static libraries
configure:13390: result: yes
configure:13510: checking CFLAGS for gcc -Wall
configure:13538: gcc -c -march=x86-64 -mtune=generic -O2 -pipe -fno-plt -fexceptions         -Wp,-D_FORTIFY_SOURCE=3 -Wformat -Werror=format-security         -fstack-clash-protection -fcf-protection         -fno-omit-frame-pointer -mno-omit-leaf-frame-pointer -g -ffile-prefix-map=/home/nekane/wagashi/windowmaker/src=/usr/src/debug/windowmaker -flto=auto -pedantic -Werror  -Wall  -DNDEBUG conftest.c >&5
configure:13538: $? = 0
configure:13553: result: -Wall
configure:13565: : CFLAGS="$CFLAGS $ax_cv_cflags_gcc_option__Wall"
configure:13568: $? = 0
configure:13575: checking CFLAGS for gcc -Wextra -Wno-sign-compare
configure:13603: gcc -c -march=x86-64 -mtune=generic -O2 -pipe -fno-plt -fexceptions         -Wp,-D_FORTIFY_SOURCE=3 -Wformat -Werror=format-security         -fstack-clash-protection -fcf-protection         -fno-omit-frame-pointer -mno-omit-leaf-frame-pointer -g -ffile-prefix-map=/home/nekane/wagashi/windowmaker/src=/usr/src/debug/windowmaker -flto=auto -Wall -pedantic -Werror  -Wextra -Wno-sign-compare  -DNDEBUG conftest.c >&5
configure:13603: $? = 0
configure:13618: result: -Wextra -Wno-sign-compare
configure:13630: : CFLAGS="$CFLAGS $ax_cv_cflags_gcc_option__Wextra__Wno_sign_compare"
configure:13633: $? = 0
configure:13670: checking CFLAGS for -Wtrampolines
configure:13658: gcc -c -march=x86-64 -mtune=generic -O2 -pipe -fno-plt -fexceptions         -Wp,-D_FORTIFY_SOURCE=3 -Wformat -Werror=format-security         -fstack-clash-protection -fcf-protection         -fno-omit-frame-pointer -mno-omit-leaf-frame-pointer -g -ffile-prefix-map=/home/nekane/wagashi/windowmaker/src=/usr/src/debug/windowmaker -flto=auto -Wall -Wextra -Wno-sign-compare -Werror -Werror=trampolines  -DNDEBUG conftest.c >&5
configure:13658: $? = 0
configure:13684: result: -Werror=trampolines
configure:14833: checking CFLAGS for gcc -Wno-deprecated
configure:14861: gcc -c -march=x86-64 -mtune=generic -O2 -pipe -fno-plt -fexceptions         -Wp,-D_FORTIFY_SOURCE=3 -Wformat -Werror=format-security         -fstack-clash-protection -fcf-protection         -fno-omit-frame-pointer -mno-omit-leaf-frame-pointer -g -ffile-prefix-map=/home/nekane/wagashi/windowmaker/src=/usr/src/debug/windowmaker -flto=auto -Wall -Wextra -Wno-sign-compare -Werror=trampolines -pedantic -Werror  -Wno-deprecated  -DNDEBUG conftest.c >&5
configure:14861: $? = 0
configure:14876: result: -Wno-deprecated
configure:14888: : CFLAGS="$CFLAGS $ax_cv_cflags_gcc_option__Wno_deprecated"
configure:14891: $? = 0
configure:14898: checking CFLAGS for gcc -Wno-deprecated-declarations
configure:14926: gcc -c -march=x86-64 -mtune=generic -O2 -pipe -fno-plt -fexceptions         -Wp,-D_FORTIFY_SOURCE=3 -Wformat -Werror=format-security         -fstack-clash-protection -fcf-protection         -fno-omit-frame-pointer -mno-omit-leaf-frame-pointer -g -ffile-prefix-map=/home/nekane/wagashi/windowmaker/src=/usr/src/debug/windowmaker -flto=auto -Wall -Wextra -Wno-sign-compare -Werror=trampolines -Wno-deprecated -pedantic -Werror  -Wno-deprecated-declarations  -DNDEBUG conftest.c >&5
configure:14926: $? = 0
configure:14941: result: -Wno-deprecated-declarations
configure:14953: : CFLAGS="$CFLAGS $ax_cv_cflags_gcc_option__Wno_deprecated_declarations"
configure:14956: $? = 0
configure:15043: checking if compiler supports nested functions
configure:15071: gcc -c -march=x86-64 -mtune=generic -O2 -pipe -fno-plt -fexceptions         -Wp,-D_FORTIFY_SOURCE=3 -Wformat -Werror=format-security         -fstack-clash-protection -fcf-protection         -fno-omit-frame-pointer -mno-omit-leaf-frame-pointer -g -ffile-prefix-map=/home/nekane/wagashi/windowmaker/src=/usr/src/debug/windowmaker -flto=auto -Wall -Wextra -Wno-sign-compare -Werror=trampolines -Wno-deprecated -Wno-deprecated-declarations  -DNDEBUG conftest.c >&5
configure:15071: $? = 0
configure:15079: result: yes
configure:15201: checking if compiler needs -Werror to reject unknown flags
configure:15217: gcc -c -march=x86-64 -mtune=generic -O2 -pipe -fno-plt -fexceptions         -Wp,-D_FORTIFY_SOURCE=3 -Wformat -Werror=format-security         -fstack-clash-protection -fcf-protection         -fno-omit-frame-pointer -mno-omit-leaf-frame-pointer -g -ffile-prefix-map=/home/nekane/wagashi/windowmaker/src=/usr/src/debug/windowmaker -flto=auto -Wall -Wextra -Wno-sign-compare -Werror=trampolines -Wno-deprecated -Wno-deprecated-declarations -Werror -Wunknown-warning-option -Wsizeof-array-argument  -DNDEBUG conftest.c >&5
gcc: error: unrecognized command-line option '-Wunknown-warning-option'
configure:15217: $? = 1
configure: failed program was:
| /* confdefs.h */
| #define PACKAGE_NAME "WindowMaker"
| #define PACKAGE_TARNAME "WindowMaker"
| #define PACKAGE_VERSION "0.96.0"
| #define PACKAGE_STRING "WindowMaker 0.96.0"
| #define PACKAGE_BUGREPORT "wmaker-dev@googlegroups.com"
| #define PACKAGE_URL "http://www.windowmaker.org/"
| #define PACKAGE "WindowMaker"
| #define VERSION "0.96.0"
| #define HAVE_STDIO_H 1
| #define HAVE_STDLIB_H 1
| #define HAVE_STRING_H 1
| #define HAVE_INTTYPES_H 1
| #define HAVE_STDINT_H 1
| #define HAVE_STRINGS_H 1
| #define HAVE_SYS_STAT_H 1
| #define HAVE_SYS_TYPES_H 1
| #define HAVE_UNISTD_H 1
| #define STDC_HEADERS 1
| #define HAVE_DLFCN_H 1
| #define LT_OBJDIR ".libs/"
| /* end confdefs.h.  */
| int foo(void);
| int
| main (void)
| {
| foo()
|   ;
|   return 0;
| }
configure:15223: result: no
configure:15294: checking for the pthreads library -lpthreads
configure:15332: gcc -o conftest -march=x86-64 -mtune=generic -O2 -pipe -fno-plt -fexceptions         -Wp,-D_FORTIFY_SOURCE=3 -Wformat -Werror=format-security         -fstack-clash-protection -fcf-protection         -fno-omit-frame-pointer -mno-omit-leaf-frame-pointer -g -ffile-prefix-map=/home/nekane/wagashi/windowmaker/src=/usr/src/debug/windowmaker -flto=auto -Wall -Wextra -Wno-sign-compare -Werror=trampolines -Wno-deprecated -Wno-deprecated-declarations    -DNDEBUG -Wl,-O1 -Wl,--sort-common -Wl,--as-needed -Wl,-z,relro -Wl,-z,now          -Wl,-z,pack-relative-relocs -flto=auto conftest.c -lpthreads  >&5
conftest.c: In function 'routine':
conftest.c:24:51: warning: parameter 'a' set but not used [-Wunused-but-set-parameter=]
   24 |                         static void routine(void *a) { a = 0; }
      |                                             ~~~~~~^
/usr/bin/ld: cannot find -lpthreads: No such file or directory
collect2: error: ld returned 1 exit status
configure:15332: $? = 1
configure: failed program was:
| /* confdefs.h */
| #define PACKAGE_NAME "WindowMaker"
| #define PACKAGE_TARNAME "WindowMaker"
| #define PACKAGE_VERSION "0.96.0"
| #define PACKAGE_STRING "WindowMaker 0.96.0"
| #define PACKAGE_BUGREPORT "wmaker-dev@googlegroups.com"
| #define PACKAGE_URL "http://www.windowmaker.org/"
| #define PACKAGE "WindowMaker"
| #define VERSION "0.96.0"
| #define HAVE_STDIO_H 1
| #define HAVE_STDLIB_H 1
| #define HAVE_STRING_H 1
| #define HAVE_INTTYPES_H 1
| #define HAVE_STDINT_H 1
| #define HAVE_STRINGS_H 1
| #define HAVE_SYS_STAT_H 1
| #define HAVE_SYS_TYPES_H 1
| #define HAVE_UNISTD_H 1
| #define STDC_HEADERS 1
| #define HAVE_DLFCN_H 1
| #define LT_OBJDIR ".libs/"
| /* end confdefs.h.  */
| #include <pthread.h>
|                         static void routine(void *a) { a = 0; }
|                         static void *start_routine(void *a) { return a; }
| int
| main (void)
| {
| pthread_t th; pthread_attr_t attr;
|                         pthread_create(&th, 0, start_routine, 0);
|                         pthread_join(th, 0);
|                         pthread_attr_init(&attr);
|                         pthread_cleanup_push(routine, 0);
|                         pthread_cleanup_pop(0) /* ; */
|   ;
|   return 0;
| }
configure:15342: result: no
configure:15234: checking whether pthreads work without any flags
configure:15332: gcc -o conftest -march=x86-64 -mtune=generic -O2 -pipe -fno-plt -fexceptions         -Wp,-D_FORTIFY_SOURCE=3 -Wformat -Werror=format-security         -fstack-clash-protection -fcf-protection         -fno-omit-frame-pointer -mno-omit-leaf-frame-pointer -g -ffile-prefix-map=/home/nekane/wagashi/windowmaker/src=/usr/src/debug/windowmaker -flto=auto -Wall -Wextra -Wno-sign-compare -Werror=trampolines -Wno-deprecated -Wno-deprecated-declarations    -DNDEBUG -Wl,-O1 -Wl,--sort-common -Wl,--as-needed -Wl,-z,relro -Wl,-z,now          -Wl,-z,pack-relative-relocs -flto=auto conftest.c   >&5
conftest.c: In function 'routine':
conftest.c:24:51: warning: parameter 'a' set but not used [-Wunused-but-set-parameter=]
   24 |                         static void routine(void *a) { a = 0; }
      |                                             ~~~~~~^
configure:15332: $? = 0
configure:15342: result: yes
configure:15361: checking for joinable pthread attribute
configure:15376: gcc -o conftest -march=x86-64 -mtune=generic -O2 -pipe -fno-plt -fexceptions         -Wp,-D_FORTIFY_SOURCE=3 -Wformat -Werror=format-security         -fstack-clash-protection -fcf-protection         -fno-omit-frame-pointer -mno-omit-leaf-frame-pointer -g -ffile-prefix-map=/home/nekane/wagashi/windowmaker/src=/usr/src/debug/windowmaker -flto=auto -Wall -Wextra -Wno-sign-compare -Werror=trampolines -Wno-deprecated -Wno-deprecated-declarations   -DNDEBUG -Wl,-O1 -Wl,--sort-common -Wl,--as-needed -Wl,-z,relro -Wl,-z,now          -Wl,-z,pack-relative-relocs -flto=auto conftest.c   >&5
configure:15376: $? = 0
configure:15383: result: PTHREAD_CREATE_JOINABLE
configure:15391: checking if more special flags are required for pthreads
configure:15406: result: no
configure:15412: checking for PTHREAD_PRIO_INHERIT
configure:15430: gcc -o conftest -march=x86-64 -mtune=generic -O2 -pipe -fno-plt -fexceptions         -Wp,-D_FORTIFY_SOURCE=3 -Wformat -Werror=format-security         -fstack-clash-protection -fcf-protection         -fno-omit-frame-pointer -mno-omit-leaf-frame-pointer -g -ffile-prefix-map=/home/nekane/wagashi/windowmaker/src=/usr/src/debug/windowmaker -flto=auto -Wall -Wextra -Wno-sign-compare -Werror=trampolines -Wno-deprecated -Wno-deprecated-declarations   -DNDEBUG -Wl,-O1 -Wl,--sort-common -Wl,--as-needed -Wl,-z,relro -Wl,-z,now          -Wl,-z,pack-relative-relocs -flto=auto conftest.c   >&5
conftest.c: In function 'main':
conftest.c:27:5: warning: unused variable 'i' [-Wunused-variable]
   27 | int i = PTHREAD_PRIO_INHERIT;
      |     ^
configure:15430: $? = 0
configure:15440: result: yes
configure:15828: checking for working memcmp
configure:15873: gcc -o conftest -march=x86-64 -mtune=generic -O2 -pipe -fno-plt -fexceptions         -Wp,-D_FORTIFY_SOURCE=3 -Wformat -Werror=format-security         -fstack-clash-protection -fcf-protection         -fno-omit-frame-pointer -mno-omit-leaf-frame-pointer -g -ffile-prefix-map=/home/nekane/wagashi/windowmaker/src=/usr/src/debug/windowmaker -flto=auto -Wall -Wextra -Wno-sign-compare -Werror=trampolines -Wno-deprecated -Wno-deprecated-declarations  -DNDEBUG -D_XOPEN_SOURCE=700 -Wl,-O1 -Wl,--sort-common -Wl,--as-needed -Wl,-z,relro -Wl,-z,now          -Wl,-z,pack-relative-relocs -flto=auto conftest.c  >&5
configure:15873: $? = 0
configure:15873: ./conftest
configure:15873: $? = 0
configure:15884: result: yes
configure:15897: checking for vprintf
configure:15897: gcc -o conftest -march=x86-64 -mtune=generic -O2 -pipe -fno-plt -fexceptions         -Wp,-D_FORTIFY_SOURCE=3 -Wformat -Werror=format-security         -fstack-clash-protection -fcf-protection         -fno-omit-frame-pointer -mno-omit-leaf-frame-pointer -g -ffile-prefix-map=/home/nekane/wagashi/windowmaker/src=/usr/src/debug/windowmaker -flto=auto -Wall -Wextra -Wno-sign-compare -Werror=trampolines -Wno-deprecated -Wno-deprecated-declarations  -DNDEBUG -D_XOPEN_SOURCE=700 -Wl,-O1 -Wl,--sort-common -Wl,--as-needed -Wl,-z,relro -Wl,-z,now          -Wl,-z,pack-relative-relocs -flto=auto conftest.c  >&5
conftest.c:43:6: warning: conflicting types for built-in function 'vprintf'; expected 'int(const char *, __va_list_tag *)' [-Wbuiltin-declaration-mismatch]
   43 | char vprintf ();
      |      ^~~~~~~
conftest.c:35:1: note: 'vprintf' is declared in header '<stdio.h>'
   34 | #include <limits.h>
   35 | #undef vprintf
configure:15897: $? = 0
configure:15897: result: yes
configure:15985: checking for secure_getenv
configure:15974: gcc -c -march=x86-64 -mtune=generic -O2 -pipe -fno-plt -fexceptions         -Wp,-D_FORTIFY_SOURCE=3 -Wformat -Werror=format-security         -fstack-clash-protection -fcf-protection         -fno-omit-frame-pointer -mno-omit-leaf-frame-pointer -g -ffile-prefix-map=/home/nekane/wagashi/windowmaker/src=/usr/src/debug/windowmaker -flto=auto -Wall -Wextra -Wno-sign-compare -Werror=trampolines -Wno-deprecated -Wno-deprecated-declarations  -Werror=implicit-function-declaration  -DNDEBUG -D_XOPEN_SOURCE=700 conftest.c >&5
conftest.c: In function 'main':
conftest.c:34:7: error: implicit declaration of function 'secure_getenv' [-Wimplicit-function-declaration]
   34 |   h = secure_getenv("HOME");
      |       ^~~~~~~~~~~~~
conftest.c:34:5: error: assignment to 'const char *' from 'int' makes pointer from integer without a cast [-Wint-conversion]
   34 |   h = secure_getenv("HOME");
      |     ^
configure:15974: $? = 1
configure: failed program was:
| /* confdefs.h */
| #define PACKAGE_NAME "WindowMaker"
| #define PACKAGE_TARNAME "WindowMaker"
| #define PACKAGE_VERSION "0.96.0"
| #define PACKAGE_STRING "WindowMaker 0.96.0"
| #define PACKAGE_BUGREPORT "wmaker-dev@googlegroups.com"
| #define PACKAGE_URL "http://www.windowmaker.org/"
| #define PACKAGE "WindowMaker"
| #define VERSION "0.96.0"
| #define HAVE_STDIO_H 1
| #define HAVE_STDLIB_H 1
| #define HAVE_STRING_H 1
| #define HAVE_INTTYPES_H 1
| #define HAVE_STDINT_H 1
| #define HAVE_STRINGS_H 1
| #define HAVE_SYS_STAT_H 1
| #define HAVE_SYS_TYPES_H 1
| #define HAVE_UNISTD_H 1
| #define STDC_HEADERS 1
| #define HAVE_DLFCN_H 1
| #define LT_OBJDIR ".libs/"
| #define HAVE_PTHREAD_PRIO_INHERIT 1
| #define HAVE_PTHREAD 1
| #define USE_ANIMATIONS 1
| #define USE_MWM_HINTS 1
| #define HAVE_VPRINTF 1
| /* end confdefs.h.  */
| #include <stdlib.h>
| 
| const char *h;
| int
| main (void)
| {
|   h = secure_getenv("HOME");
|   ;
|   return 0;
| }
configure:15974: gcc -c -march=x86-64 -mtune=generic -O2 -pipe -fno-plt -fexceptions         -Wp,-D_FORTIFY_SOURCE=3 -Wformat -Werror=format-security         -fstack-clash-protection -fcf-protection         -fno-omit-frame-pointer -mno-omit-leaf-frame-pointer -g -ffile-prefix-map=/home/nekane/wagashi/windowmaker/src=/usr/src/debug/windowmaker -flto=auto -Wall -Wextra -Wno-sign-compare -Werror=trampolines -Wno-deprecated -Wno-deprecated-declarations -D_GNU_SOURCE -Werror=implicit-function-declaration  -DNDEBUG -D_XOPEN_SOURCE=700 conftest.c >&5
configure:15974: $? = 0
configure:16002: result: -D_GNU_SOURCE
configure:16023: checking for gethostname
configure:16023: gcc -o conftest -march=x86-64 -mtune=generic -O2 -pipe -fno-plt -fexceptions         -Wp,-D_FORTIFY_SOURCE=3 -Wformat -Werror=format-security         -fstack-clash-protection -fcf-protection         -fno-omit-frame-pointer -mno-omit-leaf-frame-pointer -g -ffile-prefix-map=/home/nekane/wagashi/windowmaker/src=/usr/src/debug/windowmaker -flto=auto -Wall -Wextra -Wno-sign-compare -Werror=trampolines -Wno-deprecated -Wno-deprecated-declarations  -DNDEBUG -D_XOPEN_SOURCE=700 -D_GNU_SOURCE -Wl,-O1 -Wl,--sort-common -Wl,--as-needed -Wl,-z,relro -Wl,-z,now          -Wl,-z,pack-relative-relocs -flto=auto conftest.c  >&5
configure:16023: $? = 0
configure:16023: result: yes
configure:16029: checking for select
configure:16029: gcc -o conftest -march=x86-64 -mtune=generic -O2 -pipe -fno-plt -fexceptions         -Wp,-D_FORTIFY_SOURCE=3 -Wformat -Werror=format-security         -fstack-clash-protection -fcf-protection         -fno-omit-frame-pointer -mno-omit-leaf-frame-pointer -g -ffile-prefix-map=/home/nekane/wagashi/windowmaker/src=/usr/src/debug/windowmaker -flto=auto -Wall -Wextra -Wno-sign-compare -Werror=trampolines -Wno-deprecated -Wno-deprecated-declarations  -DNDEBUG -D_XOPEN_SOURCE=700 -D_GNU_SOURCE -Wl,-O1 -Wl,--sort-common -Wl,--as-needed -Wl,-z,relro -Wl,-z,now          -Wl,-z,pack-relative-relocs -flto=auto conftest.c  >&5
configure:16029: $? = 0
configure:16029: result: yes
configure:16035: checking for poll
configure:16035: gcc -o conftest -march=x86-64 -mtune=generic -O2 -pipe -fno-plt -fexceptions         -Wp,-D_FORTIFY_SOURCE=3 -Wformat -Werror=format-security         -fstack-clash-protection -fcf-protection         -fno-omit-frame-pointer -mno-omit-leaf-frame-pointer -g -ffile-prefix-map=/home/nekane/wagashi/windowmaker/src=/usr/src/debug/windowmaker -flto=auto -Wall -Wextra -Wno-sign-compare -Werror=trampolines -Wno-deprecated -Wno-deprecated-declarations  -DNDEBUG -D_XOPEN_SOURCE=700 -D_GNU_SOURCE -Wl,-O1 -Wl,--sort-common -Wl,--as-needed -Wl,-z,relro -Wl,-z,now          -Wl,-z,pack-relative-relocs -flto=auto conftest.c  >&5
configure:16035: $? = 0
configure:16035: result: yes
configure:16041: checking for strcasecmp
configure:16041: gcc -o conftest -march=x86-64 -mtune=generic -O2 -pipe -fno-plt -fexceptions         -Wp,-D_FORTIFY_SOURCE=3 -Wformat -Werror=format-security         -fstack-clash-protection -fcf-protection         -fno-omit-frame-pointer -mno-omit-leaf-frame-pointer -g -ffile-prefix-map=/home/nekane/wagashi/windowmaker/src=/usr/src/debug/windowmaker -flto=auto -Wall -Wextra -Wno-sign-compare -Werror=trampolines -Wno-deprecated -Wno-deprecated-declarations  -DNDEBUG -D_XOPEN_SOURCE=700 -D_GNU_SOURCE -Wl,-O1 -Wl,--sort-common -Wl,--as-needed -Wl,-z,relro -Wl,-z,now          -Wl,-z,pack-relative-relocs -flto=auto conftest.c  >&5
conftest.c:48:6: warning: conflicting types for built-in function 'strcasecmp'; expected 'int(const char *, const char *)' [-Wbuiltin-declaration-mismatch]
   48 | char strcasecmp ();
      |      ^~~~~~~~~~
configure:16041: $? = 0
configure:16041: result: yes
configure:16047: checking for strncasecmp
configure:16047: gcc -o conftest -march=x86-64 -mtune=generic -O2 -pipe -fno-plt -fexceptions         -Wp,-D_FORTIFY_SOURCE=3 -Wformat -Werror=format-security         -fstack-clash-protection -fcf-protection         -fno-omit-frame-pointer -mno-omit-leaf-frame-pointer -g -ffile-prefix-map=/home/nekane/wagashi/windowmaker/src=/usr/src/debug/windowmaker -flto=auto -Wall -Wextra -Wno-sign-compare -Werror=trampolines -Wno-deprecated -Wno-deprecated-declarations  -DNDEBUG -D_XOPEN_SOURCE=700 -D_GNU_SOURCE -Wl,-O1 -Wl,--sort-common -Wl,--as-needed -Wl,-z,relro -Wl,-z,now          -Wl,-z,pack-relative-relocs -flto=auto conftest.c  >&5
conftest.c:49:6: warning: conflicting types for built-in function 'strncasecmp'; expected 'int(const char *, const char *, long unsigned int)' [-Wbuiltin-declaration-mismatch]
   49 | char strncasecmp ();
      |      ^~~~~~~~~~~
configure:16047: $? = 0
configure:16047: result: yes
configure:16053: checking for setsid
configure:16053: gcc -o conftest -march=x86-64 -mtune=generic -O2 -pipe -fno-plt -fexceptions         -Wp,-D_FORTIFY_SOURCE=3 -Wformat -Werror=format-security         -fstack-clash-protection -fcf-protection         -fno-omit-frame-pointer -mno-omit-leaf-frame-pointer -g -ffile-prefix-map=/home/nekane/wagashi/windowmaker/src=/usr/src/debug/windowmaker -flto=auto -Wall -Wextra -Wno-sign-compare -Werror=trampolines -Wno-deprecated -Wno-deprecated-declarations  -DNDEBUG -D_XOPEN_SOURCE=700 -D_GNU_SOURCE -Wl,-O1 -Wl,--sort-common -Wl,--as-needed -Wl,-z,relro -Wl,-z,now          -Wl,-z,pack-relative-relocs -flto=auto conftest.c  >&5
configure:16053: $? = 0
configure:16053: result: yes
configure:16059: checking for mallinfo2
configure:16059: gcc -o conftest -march=x86-64 -mtune=generic -O2 -pipe -fno-plt -fexceptions         -Wp,-D_FORTIFY_SOURCE=3 -Wformat -Werror=format-security         -fstack-clash-protection -fcf-protection         -fno-omit-frame-pointer -mno-omit-leaf-frame-pointer -g -ffile-prefix-map=/home/nekane/wagashi/windowmaker/src=/usr/src/debug/windowmaker -flto=auto -Wall -Wextra -Wno-sign-compare -Werror=trampolines -Wno-deprecated -Wno-deprecated-declarations  -DNDEBUG -D_XOPEN_SOURCE=700 -D_GNU_SOURCE -Wl,-O1 -Wl,--sort-common -Wl,--as-needed -Wl,-z,relro -Wl,-z,now          -Wl,-z,pack-relative-relocs -flto=auto conftest.c  >&5
configure:16059: $? = 0
configure:16059: result: yes
configure:16065: checking for mkstemp
configure:16065: gcc -o conftest -march=x86-64 -mtune=generic -O2 -pipe -fno-plt -fexceptions         -Wp,-D_FORTIFY_SOURCE=3 -Wformat -Werror=format-security         -fstack-clash-protection -fcf-protection         -fno-omit-frame-pointer -mno-omit-leaf-frame-pointer -g -ffile-prefix-map=/home/nekane/wagashi/windowmaker/src=/usr/src/debug/windowmaker -flto=auto -Wall -Wextra -Wno-sign-compare -Werror=trampolines -Wno-deprecated -Wno-deprecated-declarations  -DNDEBUG -D_XOPEN_SOURCE=700 -D_GNU_SOURCE -Wl,-O1 -Wl,--sort-common -Wl,--as-needed -Wl,-z,relro -Wl,-z,now          -Wl,-z,pack-relative-relocs -flto=auto conftest.c  >&5
configure:16065: $? = 0
configure:16065: result: yes
configure:16071: checking for sysconf
configure:16071: gcc -o conftest -march=x86-64 -mtune=generic -O2 -pipe -fno-plt -fexceptions         -Wp,-D_FORTIFY_SOURCE=3 -Wformat -Werror=format-security         -fstack-clash-protection -fcf-protection         -fno-omit-frame-pointer -mno-omit-leaf-frame-pointer -g -ffile-prefix-map=/home/nekane/wagashi/windowmaker/src=/usr/src/debug/windowmaker -flto=auto -Wall -Wextra -Wno-sign-compare -Werror=trampolines -Wno-deprecated -Wno-deprecated-declarations  -DNDEBUG -D_XOPEN_SOURCE=700 -D_GNU_SOURCE -Wl,-O1 -Wl,--sort-common -Wl,--as-needed -Wl,-z,relro -Wl,-z,now          -Wl,-z,pack-relative-relocs -flto=auto conftest.c  >&5
configure:16071: $? = 0
configure:16071: result: yes
configure:16078: checking for library containing strerror
configure:16108: gcc -o conftest -march=x86-64 -mtune=generic -O2 -pipe -fno-plt -fexceptions         -Wp,-D_FORTIFY_SOURCE=3 -Wformat -Werror=format-security         -fstack-clash-protection -fcf-protection         -fno-omit-frame-pointer -mno-omit-leaf-frame-pointer -g -ffile-prefix-map=/home/nekane/wagashi/windowmaker/src=/usr/src/debug/windowmaker -flto=auto -Wall -Wextra -Wno-sign-compare -Werror=trampolines -Wno-deprecated -Wno-deprecated-declarations  -DNDEBUG -D_XOPEN_SOURCE=700 -D_GNU_SOURCE -Wl,-O1 -Wl,--sort-common -Wl,--as-needed -Wl,-z,relro -Wl,-z,now          -Wl,-z,pack-relative-relocs -flto=auto conftest.c  >&5
configure:16108: $? = 0
configure:16128: result: none required
configure:16138: checking for library containing nanosleep
configure:16168: gcc -o conftest -march=x86-64 -mtune=generic -O2 -pipe -fno-plt -fexceptions         -Wp,-D_FORTIFY_SOURCE=3 -Wformat -Werror=format-security         -fstack-clash-protection -fcf-protection         -fno-omit-frame-pointer -mno-omit-leaf-frame-pointer -g -ffile-prefix-map=/home/nekane/wagashi/windowmaker/src=/usr/src/debug/windowmaker -flto=auto -Wall -Wextra -Wno-sign-compare -Werror=trampolines -Wno-deprecated -Wno-deprecated-declarations  -DNDEBUG -D_XOPEN_SOURCE=700 -D_GNU_SOURCE -Wl,-O1 -Wl,--sort-common -Wl,--as-needed -Wl,-z,relro -Wl,-z,now          -Wl,-z,pack-relative-relocs -flto=auto conftest.c  >&5
configure:16168: $? = 0
configure:16188: result: none required
configure:16200: checking for O_NOFOLLOW
configure:16229: gcc -o conftest -march=x86-64 -mtune=generic -O2 -pipe -fno-plt -fexceptions         -Wp,-D_FORTIFY_SOURCE=3 -Wformat -Werror=format-security         -fstack-clash-protection -fcf-protection         -fno-omit-frame-pointer -mno-omit-leaf-frame-pointer -g -ffile-prefix-map=/home/nekane/wagashi/windowmaker/src=/usr/src/debug/windowmaker -flto=auto -Wall -Wextra -Wno-sign-compare -Werror=trampolines -Wno-deprecated -Wno-deprecated-declarations  -DNDEBUG -D_XOPEN_SOURCE=700 -D_GNU_SOURCE -Wl,-O1 -Wl,--sort-common -Wl,--as-needed -Wl,-z,relro -Wl,-z,now          -Wl,-z,pack-relative-relocs -flto=auto conftest.c  >&5
configure:16229: $? = 0
configure:16245: result: yes
configure:16264: checking for library containing strlcat
configure:16295: gcc -o conftest -march=x86-64 -mtune=generic -O2 -pipe -fno-plt -fexceptions         -Wp,-D_FORTIFY_SOURCE=3 -Wformat -Werror=format-security         -fstack-clash-protection -fcf-protection         -fno-omit-frame-pointer -mno-omit-leaf-frame-pointer -g -ffile-prefix-map=/home/nekane/wagashi/windowmaker/src=/usr/src/debug/windowmaker -flto=auto -Wall -Wextra -Wno-sign-compare -Werror=trampolines -Wno-deprecated -Wno-deprecated-declarations  -DNDEBUG -D_XOPEN_SOURCE=700 -D_GNU_SOURCE -Wl,-O1 -Wl,--sort-common -Wl,--as-needed -Wl,-z,relro -Wl,-z,now          -Wl,-z,pack-relative-relocs -flto=auto conftest.c  >&5
configure:16295: $? = 0
configure:16315: result: none required
configure:16326: checking for library containing strlcpy
configure:16357: gcc -o conftest -march=x86-64 -mtune=generic -O2 -pipe -fno-plt -fexceptions         -Wp,-D_FORTIFY_SOURCE=3 -Wformat -Werror=format-security         -fstack-clash-protection -fcf-protection         -fno-omit-frame-pointer -mno-omit-leaf-frame-pointer -g -ffile-prefix-map=/home/nekane/wagashi/windowmaker/src=/usr/src/debug/windowmaker -flto=auto -Wall -Wextra -Wno-sign-compare -Werror=trampolines -Wno-deprecated -Wno-deprecated-declarations  -DNDEBUG -D_XOPEN_SOURCE=700 -D_GNU_SOURCE -Wl,-O1 -Wl,--sort-common -Wl,--as-needed -Wl,-z,relro -Wl,-z,now          -Wl,-z,pack-relative-relocs -flto=auto conftest.c  >&5
configure:16357: $? = 0
configure:16377: result: none required
configure:16472: checking for sys/inotify.h
configure:16472: gcc -c -march=x86-64 -mtune=generic -O2 -pipe -fno-plt -fexceptions         -Wp,-D_FORTIFY_SOURCE=3 -Wformat -Werror=format-security         -fstack-clash-protection -fcf-protection         -fno-omit-frame-pointer -mno-omit-leaf-frame-pointer -g -ffile-prefix-map=/home/nekane/wagashi/windowmaker/src=/usr/src/debug/windowmaker -flto=auto -Wall -Wextra -Wno-sign-compare -Werror=trampolines -Wno-deprecated -Wno-deprecated-declarations  -DNDEBUG -D_XOPEN_SOURCE=700 -D_GNU_SOURCE conftest.c >&5
configure:16472: $? = 0
configure:16472: result: yes
configure:16486: checking for syslog.h
configure:16486: gcc -c -march=x86-64 -mtune=generic -O2 -pipe -fno-plt -fexceptions         -Wp,-D_FORTIFY_SOURCE=3 -Wformat -Werror=format-security         -fstack-clash-protection -fcf-protection         -fno-omit-frame-pointer -mno-omit-leaf-frame-pointer -g -ffile-prefix-map=/home/nekane/wagashi/windowmaker/src=/usr/src/debug/windowmaker -flto=auto -Wall -Wextra -Wno-sign-compare -Werror=trampolines -Wno-deprecated -Wno-deprecated-declarations  -DNDEBUG -D_XOPEN_SOURCE=700 -D_GNU_SOURCE conftest.c >&5
configure:16486: $? = 0
configure:16486: result: yes
configure:16498: checking for sys/wait.h that is POSIX.1 compatible
configure:16525: gcc -c -march=x86-64 -mtune=generic -O2 -pipe -fno-plt -fexceptions         -Wp,-D_FORTIFY_SOURCE=3 -Wformat -Werror=format-security         -fstack-clash-protection -fcf-protection         -fno-omit-frame-pointer -mno-omit-leaf-frame-pointer -g -ffile-prefix-map=/home/nekane/wagashi/windowmaker/src=/usr/src/debug/windowmaker -flto=auto -Wall -Wextra -Wno-sign-compare -Werror=trampolines -Wno-deprecated -Wno-deprecated-declarations  -DNDEBUG -D_XOPEN_SOURCE=700 -D_GNU_SOURCE conftest.c >&5
configure:16525: $? = 0
configure:16533: result: yes
configure:16541: checking for fcntl.h
configure:16541: gcc -c -march=x86-64 -mtune=generic -O2 -pipe -fno-plt -fexceptions         -Wp,-D_FORTIFY_SOURCE=3 -Wformat -Werror=format-security         -fstack-clash-protection -fcf-protection         -fno-omit-frame-pointer -mno-omit-leaf-frame-pointer -g -ffile-prefix-map=/home/nekane/wagashi/windowmaker/src=/usr/src/debug/windowmaker -flto=auto -Wall -Wextra -Wno-sign-compare -Werror=trampolines -Wno-deprecated -Wno-deprecated-declarations  -DNDEBUG -D_XOPEN_SOURCE=700 -D_GNU_SOURCE conftest.c >&5
configure:16541: $? = 0
configure:16541: result: yes
configure:16547: checking for limits.h
configure:16547: gcc -c -march=x86-64 -mtune=generic -O2 -pipe -fno-plt -fexceptions         -Wp,-D_FORTIFY_SOURCE=3 -Wformat -Werror=format-security         -fstack-clash-protection -fcf-protection         -fno-omit-frame-pointer -mno-omit-leaf-frame-pointer -g -ffile-prefix-map=/home/nekane/wagashi/windowmaker/src=/usr/src/debug/windowmaker -flto=auto -Wall -Wextra -Wno-sign-compare -Werror=trampolines -Wno-deprecated -Wno-deprecated-declarations  -DNDEBUG -D_XOPEN_SOURCE=700 -D_GNU_SOURCE conftest.c >&5
configure:16547: $? = 0
configure:16547: result: yes
configure:16553: checking for sys/ioctl.h
configure:16553: gcc -c -march=x86-64 -mtune=generic -O2 -pipe -fno-plt -fexceptions         -Wp,-D_FORTIFY_SOURCE=3 -Wformat -Werror=format-security         -fstack-clash-protection -fcf-protection         -fno-omit-frame-pointer -mno-omit-leaf-frame-pointer -g -ffile-prefix-map=/home/nekane/wagashi/windowmaker/src=/usr/src/debug/windowmaker -flto=auto -Wall -Wextra -Wno-sign-compare -Werror=trampolines -Wno-deprecated -Wno-deprecated-declarations  -DNDEBUG -D_XOPEN_SOURCE=700 -D_GNU_SOURCE conftest.c >&5
configure:16553: $? = 0
configure:16553: result: yes
configure:16559: checking for libintl.h
configure:16559: gcc -c -march=x86-64 -mtune=generic -O2 -pipe -fno-plt -fexceptions         -Wp,-D_FORTIFY_SOURCE=3 -Wformat -Werror=format-security         -fstack-clash-protection -fcf-protection         -fno-omit-frame-pointer -mno-omit-leaf-frame-pointer -g -ffile-prefix-map=/home/nekane/wagashi/windowmaker/src=/usr/src/debug/windowmaker -flto=auto -Wall -Wextra -Wno-sign-compare -Werror=trampolines -Wno-deprecated -Wno-deprecated-declarations  -DNDEBUG -D_XOPEN_SOURCE=700 -D_GNU_SOURCE conftest.c >&5
configure:16559: $? = 0
configure:16559: result: yes
configure:16565: checking for poll.h
configure:16565: gcc -c -march=x86-64 -mtune=generic -O2 -pipe -fno-plt -fexceptions         -Wp,-D_FORTIFY_SOURCE=3 -Wformat -Werror=format-security         -fstack-clash-protection -fcf-protection         -fno-omit-frame-pointer -mno-omit-leaf-frame-pointer -g -ffile-prefix-map=/home/nekane/wagashi/windowmaker/src=/usr/src/debug/windowmaker -flto=auto -Wall -Wextra -Wno-sign-compare -Werror=trampolines -Wno-deprecated -Wno-deprecated-declarations  -DNDEBUG -D_XOPEN_SOURCE=700 -D_GNU_SOURCE conftest.c >&5
configure:16565: $? = 0
configure:16565: result: yes
configure:16571: checking for malloc.h
configure:16571: gcc -c -march=x86-64 -mtune=generic -O2 -pipe -fno-plt -fexceptions         -Wp,-D_FORTIFY_SOURCE=3 -Wformat -Werror=format-security         -fstack-clash-protection -fcf-protection         -fno-omit-frame-pointer -mno-omit-leaf-frame-pointer -g -ffile-prefix-map=/home/nekane/wagashi/windowmaker/src=/usr/src/debug/windowmaker -flto=auto -Wall -Wextra -Wno-sign-compare -Werror=trampolines -Wno-deprecated -Wno-deprecated-declarations  -DNDEBUG -D_XOPEN_SOURCE=700 -D_GNU_SOURCE conftest.c >&5
configure:16571: $? = 0
configure:16571: result: yes
configure:16577: checking for ctype.h
configure:16577: gcc -c -march=x86-64 -mtune=generic -O2 -pipe -fno-plt -fexceptions         -Wp,-D_FORTIFY_SOURCE=3 -Wformat -Werror=format-security         -fstack-clash-protection -fcf-protection         -fno-omit-frame-pointer -mno-omit-leaf-frame-pointer -g -ffile-prefix-map=/home/nekane/wagashi/windowmaker/src=/usr/src/debug/windowmaker -flto=auto -Wall -Wextra -Wno-sign-compare -Werror=trampolines -Wno-deprecated -Wno-deprecated-declarations  -DNDEBUG -D_XOPEN_SOURCE=700 -D_GNU_SOURCE conftest.c >&5
configure:16577: $? = 0
configure:16577: result: yes
configure:16583: checking for string.h
configure:16583: result: yes
configure:16589: checking for strings.h
configure:16589: result: yes
configure:16598: checking for an ANSI C-conforming const
configure:16665: gcc -c -march=x86-64 -mtune=generic -O2 -pipe -fno-plt -fexceptions         -Wp,-D_FORTIFY_SOURCE=3 -Wformat -Werror=format-security         -fstack-clash-protection -fcf-protection         -fno-omit-frame-pointer -mno-omit-leaf-frame-pointer -g -ffile-prefix-map=/home/nekane/wagashi/windowmaker/src=/usr/src/debug/windowmaker -flto=auto -Wall -Wextra -Wno-sign-compare -Werror=trampolines -Wno-deprecated -Wno-deprecated-declarations  -DNDEBUG -D_XOPEN_SOURCE=700 -D_GNU_SOURCE conftest.c >&5
conftest.c: In function 'main':
conftest.c:89:16: warning: variable 'foo' set but not used [-Wunused-but-set-variable=]
   89 |     const int *foo = &x[0];
      |                ^~~
conftest.c:94:10: warning: variable 'p' set but not used [-Wunused-but-set-variable=]
   94 |     iptr p = 0;
      |          ^
configure:16665: $? = 0
configure:16673: result: yes
configure:16681: checking for inline
configure:16698: gcc -c -march=x86-64 -mtune=generic -O2 -pipe -fno-plt -fexceptions         -Wp,-D_FORTIFY_SOURCE=3 -Wformat -Werror=format-security         -fstack-clash-protection -fcf-protection         -fno-omit-frame-pointer -mno-omit-leaf-frame-pointer -g -ffile-prefix-map=/home/nekane/wagashi/windowmaker/src=/usr/src/debug/windowmaker -flto=auto -Wall -Wextra -Wno-sign-compare -Werror=trampolines -Wno-deprecated -Wno-deprecated-declarations  -DNDEBUG -D_XOPEN_SOURCE=700 -D_GNU_SOURCE conftest.c >&5
configure:16698: $? = 0
configure:16707: result: inline
configure:16761: checking for noreturn
configure:16789: gcc -c -march=x86-64 -mtune=generic -O2 -pipe -fno-plt -fexceptions         -Wp,-D_FORTIFY_SOURCE=3 -Wformat -Werror=format-security         -fstack-clash-protection -fcf-protection         -fno-omit-frame-pointer -mno-omit-leaf-frame-pointer -g -ffile-prefix-map=/home/nekane/wagashi/windowmaker/src=/usr/src/debug/windowmaker -flto=auto -Wall -Wextra -Wno-sign-compare -Werror=trampolines -Wno-deprecated -Wno-deprecated-declarations  -DNDEBUG -D_XOPEN_SOURCE=700 -D_GNU_SOURCE conftest.c >&5
configure:16789: $? = 0
configure:16802: result: stdnoreturn
configure:16819: checking for size_t
configure:16819: gcc -c -march=x86-64 -mtune=generic -O2 -pipe -fno-plt -fexceptions         -Wp,-D_FORTIFY_SOURCE=3 -Wformat -Werror=format-security         -fstack-clash-protection -fcf-protection         -fno-omit-frame-pointer -mno-omit-leaf-frame-pointer -g -ffile-prefix-map=/home/nekane/wagashi/windowmaker/src=/usr/src/debug/windowmaker -flto=auto -Wall -Wextra -Wno-sign-compare -Werror=trampolines -Wno-deprecated -Wno-deprecated-declarations  -DNDEBUG -D_XOPEN_SOURCE=700 -D_GNU_SOURCE conftest.c >&5
configure:16819: $? = 0
configure:16819: gcc -c -march=x86-64 -mtune=generic -O2 -pipe -fno-plt -fexceptions         -Wp,-D_FORTIFY_SOURCE=3 -Wformat -Werror=format-security         -fstack-clash-protection -fcf-protection         -fno-omit-frame-pointer -mno-omit-leaf-frame-pointer -g -ffile-prefix-map=/home/nekane/wagashi/windowmaker/src=/usr/src/debug/windowmaker -flto=auto -Wall -Wextra -Wno-sign-compare -Werror=trampolines -Wno-deprecated -Wno-deprecated-declarations  -DNDEBUG -D_XOPEN_SOURCE=700 -D_GNU_SOURCE conftest.c >&5
conftest.c: In function 'main':
conftest.c:86:21: error: expected expression before ')' token
   86 | if (sizeof ((size_t)))
      |                     ^
configure:16819: $? = 1
configure: failed program was:
| /* confdefs.h */
| #define PACKAGE_NAME "WindowMaker"
| #define PACKAGE_TARNAME "WindowMaker"
| #define PACKAGE_VERSION "0.96.0"
| #define PACKAGE_STRING "WindowMaker 0.96.0"
| #define PACKAGE_BUGREPORT "wmaker-dev@googlegroups.com"
| #define PACKAGE_URL "http://www.windowmaker.org/"
| #define PACKAGE "WindowMaker"
| #define VERSION "0.96.0"
| #define HAVE_STDIO_H 1
| #define HAVE_STDLIB_H 1
| #define HAVE_STRING_H 1
| #define HAVE_INTTYPES_H 1
| #define HAVE_STDINT_H 1
| #define HAVE_STRINGS_H 1
| #define HAVE_SYS_STAT_H 1
| #define HAVE_SYS_TYPES_H 1
| #define HAVE_UNISTD_H 1
| #define STDC_HEADERS 1
| #define HAVE_DLFCN_H 1
| #define LT_OBJDIR ".libs/"
| #define HAVE_PTHREAD_PRIO_INHERIT 1
| #define HAVE_PTHREAD 1
| #define USE_ANIMATIONS 1
| #define USE_MWM_HINTS 1
| #define HAVE_VPRINTF 1
| #define HAVE_SECURE_GETENV 1
| #define HAVE_GETHOSTNAME 1
| #define HAVE_SELECT 1
| #define HAVE_POLL 1
| #define HAVE_STRCASECMP 1
| #define HAVE_STRNCASECMP 1
| #define HAVE_SETSID 1
| #define HAVE_MALLINFO2 1
| #define HAVE_MKSTEMP 1
| #define HAVE_SYSCONF 1
| #define HAVE_STRLCAT 1
| #define HAVE_STRLCAT 1
| #define HAVE_SYS_INOTIFY_H 1
| #define HAVE_INOTIFY 1
| #define HAVE_SYSLOG_H 1
| #define HAVE_SYSLOG 1
| #define HAVE_SYS_WAIT_H 1
| #define HAVE_FCNTL_H 1
| #define HAVE_LIMITS_H 1
| #define HAVE_SYS_IOCTL_H 1
| #define HAVE_LIBINTL_H 1
| #define HAVE_POLL_H 1
| #define HAVE_MALLOC_H 1
| #define HAVE_CTYPE_H 1
| #define HAVE_STRING_H 1
| #define HAVE_STRINGS_H 1
| #define HAVE_STDNORETURN 1
| /* end confdefs.h.  */
| #include <stddef.h>
| #ifdef HAVE_STDIO_H
| # include <stdio.h>
| #endif
| #ifdef HAVE_STDLIB_H
| # include <stdlib.h>
| #endif
| #ifdef HAVE_STRING_H
| # include <string.h>
| #endif
| #ifdef HAVE_INTTYPES_H
| # include <inttypes.h>
| #endif
| #ifdef HAVE_STDINT_H
| # include <stdint.h>
| #endif
| #ifdef HAVE_STRINGS_H
| # include <strings.h>
| #endif
| #ifdef HAVE_SYS_TYPES_H
| # include <sys/types.h>
| #endif
| #ifdef HAVE_SYS_STAT_H
| # include <sys/stat.h>
| #endif
| #ifdef HAVE_UNISTD_H
| # include <unistd.h>
| #endif
| int
| main (void)
| {
| if (sizeof ((size_t)))
| 	    return 0;
|   ;
|   return 0;
| }
configure:16819: result: yes
configure:16830: checking for pid_t
configure:16830: gcc -c -march=x86-64 -mtune=generic -O2 -pipe -fno-plt -fexceptions         -Wp,-D_FORTIFY_SOURCE=3 -Wformat -Werror=format-security         -fstack-clash-protection -fcf-protection         -fno-omit-frame-pointer -mno-omit-leaf-frame-pointer -g -ffile-prefix-map=/home/nekane/wagashi/windowmaker/src=/usr/src/debug/windowmaker -flto=auto -Wall -Wextra -Wno-sign-compare -Werror=trampolines -Wno-deprecated -Wno-deprecated-declarations  -DNDEBUG -D_XOPEN_SOURCE=700 -D_GNU_SOURCE conftest.c >&5
configure:16830: $? = 0
configure:16830: gcc -c -march=x86-64 -mtune=generic -O2 -pipe -fno-plt -fexceptions         -Wp,-D_FORTIFY_SOURCE=3 -Wformat -Werror=format-security         -fstack-clash-protection -fcf-protection         -fno-omit-frame-pointer -mno-omit-leaf-frame-pointer -g -ffile-prefix-map=/home/nekane/wagashi/windowmaker/src=/usr/src/debug/windowmaker -flto=auto -Wall -Wextra -Wno-sign-compare -Werror=trampolines -Wno-deprecated -Wno-deprecated-declarations  -DNDEBUG -D_XOPEN_SOURCE=700 -D_GNU_SOURCE conftest.c >&5
conftest.c: In function 'main':
conftest.c:87:20: error: expected expression before ')' token
   87 | if (sizeof ((pid_t)))
      |                    ^
configure:16830: $? = 1
configure: failed program was:
| /* confdefs.h */
| #define PACKAGE_NAME "WindowMaker"
| #define PACKAGE_TARNAME "WindowMaker"
| #define PACKAGE_VERSION "0.96.0"
| #define PACKAGE_STRING "WindowMaker 0.96.0"
| #define PACKAGE_BUGREPORT "wmaker-dev@googlegroups.com"
| #define PACKAGE_URL "http://www.windowmaker.org/"
| #define PACKAGE "WindowMaker"
| #define VERSION "0.96.0"
| #define HAVE_STDIO_H 1
| #define HAVE_STDLIB_H 1
| #define HAVE_STRING_H 1
| #define HAVE_INTTYPES_H 1
| #define HAVE_STDINT_H 1
| #define HAVE_STRINGS_H 1
| #define HAVE_SYS_STAT_H 1
| #define HAVE_SYS_TYPES_H 1
| #define HAVE_UNISTD_H 1
| #define STDC_HEADERS 1
| #define HAVE_DLFCN_H 1
| #define LT_OBJDIR ".libs/"
| #define HAVE_PTHREAD_PRIO_INHERIT 1
| #define HAVE_PTHREAD 1
| #define USE_ANIMATIONS 1
| #define USE_MWM_HINTS 1
| #define HAVE_VPRINTF 1
| #define HAVE_SECURE_GETENV 1
| #define HAVE_GETHOSTNAME 1
| #define HAVE_SELECT 1
| #define HAVE_POLL 1
| #define HAVE_STRCASECMP 1
| #define HAVE_STRNCASECMP 1
| #define HAVE_SETSID 1
| #define HAVE_MALLINFO2 1
| #define HAVE_MKSTEMP 1
| #define HAVE_SYSCONF 1
| #define HAVE_STRLCAT 1
| #define HAVE_STRLCAT 1
| #define HAVE_SYS_INOTIFY_H 1
| #define HAVE_INOTIFY 1
| #define HAVE_SYSLOG_H 1
| #define HAVE_SYSLOG 1
| #define HAVE_SYS_WAIT_H 1
| #define HAVE_FCNTL_H 1
| #define HAVE_LIMITS_H 1
| #define HAVE_SYS_IOCTL_H 1
| #define HAVE_LIBINTL_H 1
| #define HAVE_POLL_H 1
| #define HAVE_MALLOC_H 1
| #define HAVE_CTYPE_H 1
| #define HAVE_STRING_H 1
| #define HAVE_STRINGS_H 1
| #define HAVE_STDNORETURN 1
| /* end confdefs.h.  */
| #include <stddef.h>
| #ifdef HAVE_STDIO_H
| # include <stdio.h>
| #endif
| #ifdef HAVE_STDLIB_H
| # include <stdlib.h>
| #endif
| #ifdef HAVE_STRING_H
| # include <string.h>
| #endif
| #ifdef HAVE_INTTYPES_H
| # include <inttypes.h>
| #endif
| #ifdef HAVE_STDINT_H
| # include <stdint.h>
| #endif
| #ifdef HAVE_STRINGS_H
| # include <strings.h>
| #endif
| #ifdef HAVE_SYS_TYPES_H
| # include <sys/types.h>
| #endif
| #ifdef HAVE_SYS_STAT_H
| # include <sys/stat.h>
| #endif
| #ifdef HAVE_UNISTD_H
| # include <unistd.h>
| #endif
| 
| int
| main (void)
| {
| if (sizeof ((pid_t)))
| 	    return 0;
|   ;
|   return 0;
| }
configure:16830: result: yes
configure:16866: checking return type of signal handlers
configure:16885: gcc -c -march=x86-64 -mtune=generic -O2 -pipe -fno-plt -fexceptions         -Wp,-D_FORTIFY_SOURCE=3 -Wformat -Werror=format-security         -fstack-clash-protection -fcf-protection         -fno-omit-frame-pointer -mno-omit-leaf-frame-pointer -g -ffile-prefix-map=/home/nekane/wagashi/windowmaker/src=/usr/src/debug/windowmaker -flto=auto -Wall -Wextra -Wno-sign-compare -Werror=trampolines -Wno-deprecated -Wno-deprecated-declarations  -DNDEBUG -D_XOPEN_SOURCE=700 -D_GNU_SOURCE conftest.c >&5
conftest.c: In function 'main':
conftest.c:61:10: error: void value not ignored as it ought to be
   61 | return *(signal (0, 0)) (0) == 1;
      |         ~^~~~~~~~~~~~~~~~~~
configure:16885: $? = 1
configure: failed program was:
| /* confdefs.h */
| #define PACKAGE_NAME "WindowMaker"
| #define PACKAGE_TARNAME "WindowMaker"
| #define PACKAGE_VERSION "0.96.0"
| #define PACKAGE_STRING "WindowMaker 0.96.0"
| #define PACKAGE_BUGREPORT "wmaker-dev@googlegroups.com"
| #define PACKAGE_URL "http://www.windowmaker.org/"
| #define PACKAGE "WindowMaker"
| #define VERSION "0.96.0"
| #define HAVE_STDIO_H 1
| #define HAVE_STDLIB_H 1
| #define HAVE_STRING_H 1
| #define HAVE_INTTYPES_H 1
| #define HAVE_STDINT_H 1
| #define HAVE_STRINGS_H 1
| #define HAVE_SYS_STAT_H 1
| #define HAVE_SYS_TYPES_H 1
| #define HAVE_UNISTD_H 1
| #define STDC_HEADERS 1
| #define HAVE_DLFCN_H 1
| #define LT_OBJDIR ".libs/"
| #define HAVE_PTHREAD_PRIO_INHERIT 1
| #define HAVE_PTHREAD 1
| #define USE_ANIMATIONS 1
| #define USE_MWM_HINTS 1
| #define HAVE_VPRINTF 1
| #define HAVE_SECURE_GETENV 1
| #define HAVE_GETHOSTNAME 1
| #define HAVE_SELECT 1
| #define HAVE_POLL 1
| #define HAVE_STRCASECMP 1
| #define HAVE_STRNCASECMP 1
| #define HAVE_SETSID 1
| #define HAVE_MALLINFO2 1
| #define HAVE_MKSTEMP 1
| #define HAVE_SYSCONF 1
| #define HAVE_STRLCAT 1
| #define HAVE_STRLCAT 1
| #define HAVE_SYS_INOTIFY_H 1
| #define HAVE_INOTIFY 1
| #define HAVE_SYSLOG_H 1
| #define HAVE_SYSLOG 1
| #define HAVE_SYS_WAIT_H 1
| #define HAVE_FCNTL_H 1
| #define HAVE_LIMITS_H 1
| #define HAVE_SYS_IOCTL_H 1
| #define HAVE_LIBINTL_H 1
| #define HAVE_POLL_H 1
| #define HAVE_MALLOC_H 1
| #define HAVE_CTYPE_H 1
| #define HAVE_STRING_H 1
| #define HAVE_STRINGS_H 1
| #define HAVE_STDNORETURN 1
| /* end confdefs.h.  */
| #include <sys/types.h>
| #include <signal.h>
| 
| int
| main (void)
| {
| return *(signal (0, 0)) (0) == 1;
|   ;
|   return 0;
| }
configure:16893: result: void
configure:16959: checking for pkg-config
configure:16982: found /usr/bin/pkg-config
configure:16994: result: /usr/bin/pkg-config
configure:17019: checking pkg-config is at least version 0.9.0
configure:17022: result: yes
configure:17040: checking for library containing gettext
configure:17070: gcc -o conftest -march=x86-64 -mtune=generic -O2 -pipe -fno-plt -fexceptions         -Wp,-D_FORTIFY_SOURCE=3 -Wformat -Werror=format-security         -fstack-clash-protection -fcf-protection         -fno-omit-frame-pointer -mno-omit-leaf-frame-pointer -g -ffile-prefix-map=/home/nekane/wagashi/windowmaker/src=/usr/src/debug/windowmaker -flto=auto -Wall -Wextra -Wno-sign-compare -Werror=trampolines -Wno-deprecated -Wno-deprecated-declarations  -DNDEBUG -D_XOPEN_SOURCE=700 -D_GNU_SOURCE -Wl,-O1 -Wl,--sort-common -Wl,--as-needed -Wl,-z,relro -Wl,-z,now          -Wl,-z,pack-relative-relocs -flto=auto conftest.c  >&5
conftest.c:60:6: warning: conflicting types for built-in function 'gettext'; expected 'char *(const char *)' [-Wbuiltin-declaration-mismatch]
   60 | char gettext ();
      |      ^~~~~~~
configure:17070: $? = 0
configure:17090: result: none required
configure:17111: checking for gettext
configure:17111: gcc -o conftest -march=x86-64 -mtune=generic -O2 -pipe -fno-plt -fexceptions         -Wp,-D_FORTIFY_SOURCE=3 -Wformat -Werror=format-security         -fstack-clash-protection -fcf-protection         -fno-omit-frame-pointer -mno-omit-leaf-frame-pointer -g -ffile-prefix-map=/home/nekane/wagashi/windowmaker/src=/usr/src/debug/windowmaker -flto=auto -Wall -Wextra -Wno-sign-compare -Werror=trampolines -Wno-deprecated -Wno-deprecated-declarations  -DNDEBUG -D_XOPEN_SOURCE=700 -D_GNU_SOURCE -Wl,-O1 -Wl,--sort-common -Wl,--as-needed -Wl,-z,relro -Wl,-z,now          -Wl,-z,pack-relative-relocs -flto=auto conftest.c  >&5
conftest.c:72:6: warning: conflicting types for built-in function 'gettext'; expected 'char *(const char *)' [-Wbuiltin-declaration-mismatch]
   72 | char gettext ();
      |      ^~~~~~~
configure:17111: $? = 0
configure:17111: result: yes
configure:17111: checking for dgettext
configure:17111: gcc -o conftest -march=x86-64 -mtune=generic -O2 -pipe -fno-plt -fexceptions         -Wp,-D_FORTIFY_SOURCE=3 -Wformat -Werror=format-security         -fstack-clash-protection -fcf-protection         -fno-omit-frame-pointer -mno-omit-leaf-frame-pointer -g -ffile-prefix-map=/home/nekane/wagashi/windowmaker/src=/usr/src/debug/windowmaker -flto=auto -Wall -Wextra -Wno-sign-compare -Werror=trampolines -Wno-deprecated -Wno-deprecated-declarations  -DNDEBUG -D_XOPEN_SOURCE=700 -D_GNU_SOURCE -Wl,-O1 -Wl,--sort-common -Wl,--as-needed -Wl,-z,relro -Wl,-z,now          -Wl,-z,pack-relative-relocs -flto=auto conftest.c  >&5
conftest.c:73:6: warning: conflicting types for built-in function 'dgettext'; expected 'char *(const char *, const char *)' [-Wbuiltin-declaration-mismatch]
   73 | char dgettext ();
      |      ^~~~~~~~
configure:17111: $? = 0
configure:17111: result: yes
configure:17126: checking for msgfmt
configure:17147: found /usr/bin/msgfmt
configure:17158: result: msgfmt
configure:17246: WARNING: locale be is not supported in WRaster, WINGs, WPrefs, util, man
configure:17246: WARNING: locale bg is not supported in WRaster, util, man
configure:17246: WARNING: locale bs is not supported in WRaster, WINGs, WPrefs, util, man
configure:17246: WARNING: locale ca is not supported in WRaster, util, man
configure:17246: WARNING: locale cs is not supported in WRaster, util
configure:17246: WARNING: locale da is not supported in WRaster, WINGs, WPrefs, util, man
configure:17246: WARNING: locale de is not supported in WRaster, man
configure:17246: WARNING: locale el is not supported in WRaster, WINGs, WPrefs, util, man
configure:17246: WARNING: locale es is not supported in WRaster, WINGs, man
configure:17246: WARNING: locale et is not supported in WRaster, WINGs, util, man
configure:17246: WARNING: locale fi is not supported in WRaster, WINGs, util, man
configure:17246: WARNING: locale fr is not supported in man
configure:17246: WARNING: locale fy is not supported in WRaster, man
configure:17246: WARNING: locale gl is not supported in WRaster, WINGs, WPrefs, util, man
configure:17246: WARNING: locale hr is not supported in WRaster, WINGs, util, man
configure:17246: WARNING: locale hu is not supported in WRaster, util, man
configure:17246: WARNING: locale hy is not supported in WRaster, WINGs, WPrefs, util, man
configure:17246: WARNING: locale it is not supported in WRaster, WINGs, util, man
configure:17246: WARNING: locale ja is not supported in WRaster, WINGs, util, man
configure:17246: WARNING: locale ko is not supported in WRaster, WINGs, util, man
configure:17246: WARNING: locale ms is not supported in WRaster, WINGs, WPrefs, util, man
configure:17246: WARNING: locale nl is not supported in WRaster, man
configure:17246: WARNING: locale no is not supported in WRaster, WINGs, WPrefs, util, man
configure:17246: WARNING: locale pl is not supported in WRaster, WINGs, WPrefs, util, man
configure:17246: WARNING: locale pt is not supported in WRaster, WINGs, man
configure:17246: WARNING: locale ro is not supported in WRaster, WINGs, WPrefs, util, man
configure:17246: WARNING: locale ru is not supported in WRaster, WINGs, util
configure:17246: WARNING: locale sk is not supported in WRaster, util
configure:17246: WARNING: locale sv is not supported in WRaster, WINGs, WPrefs, util, man
configure:17246: WARNING: locale tr is not supported in WRaster, WINGs, util, man
configure:17246: WARNING: locale uk is not supported in WRaster, WINGs, util, man
configure:17246: WARNING: locale zh_CN is not supported in WRaster, WINGs, util, man
configure:17246: WARNING: locale zh_TW is not supported in WRaster, WINGs, util, man
configure:17274: checking for xgettext
configure:17295: found /usr/bin/xgettext
configure:17306: result: xgettext
configure:17341: checking how to declare a library constructor
configure:17368: gcc -c -march=x86-64 -mtune=generic -O2 -pipe -fno-plt -fexceptions         -Wp,-D_FORTIFY_SOURCE=3 -Wformat -Werror=format-security         -fstack-clash-protection -fcf-protection         -fno-omit-frame-pointer -mno-omit-leaf-frame-pointer -g -ffile-prefix-map=/home/nekane/wagashi/windowmaker/src=/usr/src/debug/windowmaker -flto=auto -Wall -Wextra -Wno-sign-compare -Werror=trampolines -Wno-deprecated -Wno-deprecated-declarations -Werror  -DNDEBUG -D_XOPEN_SOURCE=700 -D_GNU_SOURCE conftest.c >&5
configure:17368: $? = 0
configure:17377: result: attribute
configure:17392: checking for X
configure:17430: gcc -o conftest -march=x86-64 -mtune=generic -O2 -pipe -fno-plt -fexceptions         -Wp,-D_FORTIFY_SOURCE=3 -Wformat -Werror=format-security         -fstack-clash-protection -fcf-protection         -fno-omit-frame-pointer -mno-omit-leaf-frame-pointer -g -ffile-prefix-map=/home/nekane/wagashi/windowmaker/src=/usr/src/debug/windowmaker -flto=auto -Wall -Wextra -Wno-sign-compare -Werror=trampolines -Wno-deprecated -Wno-deprecated-declarations  -DNDEBUG -D_XOPEN_SOURCE=700 -D_GNU_SOURCE -Wl,-O1 -Wl,--sort-common -Wl,--as-needed -Wl,-z,relro -Wl,-z,now          -Wl,-z,pack-relative-relocs -flto=auto conftest.c -lX11  >&5
configure:17430: $? = 0
configure:17617: result: libraries , headers 
configure:17715: gcc -o conftest -march=x86-64 -mtune=generic -O2 -pipe -fno-plt -fexceptions         -Wp,-D_FORTIFY_SOURCE=3 -Wformat -Werror=format-security         -fstack-clash-protection -fcf-protection         -fno-omit-frame-pointer -mno-omit-leaf-frame-pointer -g -ffile-prefix-map=/home/nekane/wagashi/windowmaker/src=/usr/src/debug/windowmaker -flto=auto -Wall -Wextra -Wno-sign-compare -Werror=trampolines -Wno-deprecated -Wno-deprecated-declarations  -DNDEBUG -D_XOPEN_SOURCE=700 -D_GNU_SOURCE -Wl,-O1 -Wl,--sort-common -Wl,--as-needed -Wl,-z,relro -Wl,-z,now          -Wl,-z,pack-relative-relocs -flto=auto conftest.c   -lX11 >&5
configure:17715: $? = 0
configure:17814: checking for gethostbyname
configure:17814: gcc -o conftest -march=x86-64 -mtune=generic -O2 -pipe -fno-plt -fexceptions         -Wp,-D_FORTIFY_SOURCE=3 -Wformat -Werror=format-security         -fstack-clash-protection -fcf-protection         -fno-omit-frame-pointer -mno-omit-leaf-frame-pointer -g -ffile-prefix-map=/home/nekane/wagashi/windowmaker/src=/usr/src/debug/windowmaker -flto=auto -Wall -Wextra -Wno-sign-compare -Werror=trampolines -Wno-deprecated -Wno-deprecated-declarations  -DNDEBUG -D_XOPEN_SOURCE=700 -D_GNU_SOURCE -Wl,-O1 -Wl,--sort-common -Wl,--as-needed -Wl,-z,relro -Wl,-z,now          -Wl,-z,pack-relative-relocs -flto=auto conftest.c  >&5
configure:17814: $? = 0
configure:17814: result: yes
configure:17912: checking for connect
configure:17912: gcc -o conftest -march=x86-64 -mtune=generic -O2 -pipe -fno-plt -fexceptions         -Wp,-D_FORTIFY_SOURCE=3 -Wformat -Werror=format-security         -fstack-clash-protection -fcf-protection         -fno-omit-frame-pointer -mno-omit-leaf-frame-pointer -g -ffile-prefix-map=/home/nekane/wagashi/windowmaker/src=/usr/src/debug/windowmaker -flto=auto -Wall -Wextra -Wno-sign-compare -Werror=trampolines -Wno-deprecated -Wno-deprecated-declarations  -DNDEBUG -D_XOPEN_SOURCE=700 -D_GNU_SOURCE -Wl,-O1 -Wl,--sort-common -Wl,--as-needed -Wl,-z,relro -Wl,-z,now          -Wl,-z,pack-relative-relocs -flto=auto conftest.c  >&5
configure:17912: $? = 0
configure:17912: result: yes
configure:17962: checking for remove
configure:17962: gcc -o conftest -march=x86-64 -mtune=generic -O2 -pipe -fno-plt -fexceptions         -Wp,-D_FORTIFY_SOURCE=3 -Wformat -Werror=format-security         -fstack-clash-protection -fcf-protection         -fno-omit-frame-pointer -mno-omit-leaf-frame-pointer -g -ffile-prefix-map=/home/nekane/wagashi/windowmaker/src=/usr/src/debug/windowmaker -flto=auto -Wall -Wextra -Wno-sign-compare -Werror=trampolines -Wno-deprecated -Wno-deprecated-declarations  -DNDEBUG -D_XOPEN_SOURCE=700 -D_GNU_SOURCE -Wl,-O1 -Wl,--sort-common -Wl,--as-needed -Wl,-z,relro -Wl,-z,now          -Wl,-z,pack-relative-relocs -flto=auto conftest.c  >&5
configure:17962: $? = 0
configure:17962: result: yes
configure:18012: checking for shmat
configure:18012: gcc -o conftest -march=x86-64 -mtune=generic -O2 -pipe -fno-plt -fexceptions         -Wp,-D_FORTIFY_SOURCE=3 -Wformat -Werror=format-security         -fstack-clash-protection -fcf-protection         -fno-omit-frame-pointer -mno-omit-leaf-frame-pointer -g -ffile-prefix-map=/home/nekane/wagashi/windowmaker/src=/usr/src/debug/windowmaker -flto=auto -Wall -Wextra -Wno-sign-compare -Werror=trampolines -Wno-deprecated -Wno-deprecated-declarations  -DNDEBUG -D_XOPEN_SOURCE=700 -D_GNU_SOURCE -Wl,-O1 -Wl,--sort-common -Wl,--as-needed -Wl,-z,relro -Wl,-z,now          -Wl,-z,pack-relative-relocs -flto=auto conftest.c  >&5
configure:18012: $? = 0
configure:18012: result: yes
configure:18071: checking for IceConnectionNumber in -lICE
configure:18094: gcc -o conftest -march=x86-64 -mtune=generic -O2 -pipe -fno-plt -fexceptions         -Wp,-D_FORTIFY_SOURCE=3 -Wformat -Werror=format-security         -fstack-clash-protection -fcf-protection         -fno-omit-frame-pointer -mno-omit-leaf-frame-pointer -g -ffile-prefix-map=/home/nekane/wagashi/windowmaker/src=/usr/src/debug/windowmaker -flto=auto -Wall -Wextra -Wno-sign-compare -Werror=trampolines -Wno-deprecated -Wno-deprecated-declarations  -DNDEBUG -D_XOPEN_SOURCE=700 -D_GNU_SOURCE -Wl,-O1 -Wl,--sort-common -Wl,--as-needed -Wl,-z,relro -Wl,-z,now          -Wl,-z,pack-relative-relocs -flto=auto conftest.c -lICE   >&5
configure:18094: $? = 0
configure:18104: result: yes
configure:18136: checking for _Xsetlocale in -lX11
configure:18159: gcc -o conftest -march=x86-64 -mtune=generic -O2 -pipe -fno-plt -fexceptions         -Wp,-D_FORTIFY_SOURCE=3 -Wformat -Werror=format-security         -fstack-clash-protection -fcf-protection         -fno-omit-frame-pointer -mno-omit-leaf-frame-pointer -g -ffile-prefix-map=/home/nekane/wagashi/windowmaker/src=/usr/src/debug/windowmaker -flto=auto -Wall -Wextra -Wno-sign-compare -Werror=trampolines -Wno-deprecated -Wno-deprecated-declarations  -DNDEBUG -D_XOPEN_SOURCE=700 -D_GNU_SOURCE -Wl,-O1 -Wl,--sort-common -Wl,--as-needed -Wl,-z,relro -Wl,-z,now          -Wl,-z,pack-relative-relocs -flto=auto conftest.c -lX11  -lX11   >&5
/usr/bin/ld: /tmp/ccWEquqB.ltrans0.ltrans.o: in function `main':
/usr/src/debug/windowmaker/WindowMaker-0.96.0/conftest.c:68:(.text.startup+0xa): undefined reference to `_Xsetlocale'
collect2: error: ld returned 1 exit status
configure:18159: $? = 1
configure: failed program was:
| /* confdefs.h */
| #define PACKAGE_NAME "WindowMaker"
| #define PACKAGE_TARNAME "WindowMaker"
| #define PACKAGE_VERSION "0.96.0"
| #define PACKAGE_STRING "WindowMaker 0.96.0"
| #define PACKAGE_BUGREPORT "wmaker-dev@googlegroups.com"
| #define PACKAGE_URL "http://www.windowmaker.org/"
| #define PACKAGE "WindowMaker"
| #define VERSION "0.96.0"
| #define HAVE_STDIO_H 1
| #define HAVE_STDLIB_H 1
| #define HAVE_STRING_H 1
| #define HAVE_INTTYPES_H 1
| #define HAVE_STDINT_H 1
| #define HAVE_STRINGS_H 1
| #define HAVE_SYS_STAT_H 1
| #define HAVE_SYS_TYPES_H 1
| #define HAVE_UNISTD_H 1
| #define STDC_HEADERS 1
| #define HAVE_DLFCN_H 1
| #define LT_OBJDIR ".libs/"
| #define HAVE_PTHREAD_PRIO_INHERIT 1
| #define HAVE_PTHREAD 1
| #define USE_ANIMATIONS 1
| #define USE_MWM_HINTS 1
| #define HAVE_VPRINTF 1
| #define HAVE_SECURE_GETENV 1
| #define HAVE_GETHOSTNAME 1
| #define HAVE_SELECT 1
| #define HAVE_POLL 1
| #define HAVE_STRCASECMP 1
| #define HAVE_STRNCASECMP 1
| #define HAVE_SETSID 1
| #define HAVE_MALLINFO2 1
| #define HAVE_MKSTEMP 1
| #define HAVE_SYSCONF 1
| #define HAVE_STRLCAT 1
| #define HAVE_STRLCAT 1
| #define HAVE_SYS_INOTIFY_H 1
| #define HAVE_INOTIFY 1
| #define HAVE_SYSLOG_H 1
| #define HAVE_SYSLOG 1
| #define HAVE_SYS_WAIT_H 1
| #define HAVE_FCNTL_H 1
| #define HAVE_LIMITS_H 1
| #define HAVE_SYS_IOCTL_H 1
| #define HAVE_LIBINTL_H 1
| #define HAVE_POLL_H 1
| #define HAVE_MALLOC_H 1
| #define HAVE_CTYPE_H 1
| #define HAVE_STRING_H 1
| #define HAVE_STRINGS_H 1
| #define HAVE_STDNORETURN 1
| #define RETSIGTYPE void
| #define HAVE_GETTEXT 1
| #define HAVE_DGETTEXT 1
| #define I18N 1
| #define WLIB_CONSTRUCTOR(func_name) __attribute__ ((constructor)) func_name
| /* end confdefs.h.  */
| 
| /* Override any GCC internal prototype to avoid an error.
|    Use char because int might match the return type of a GCC
|    builtin and then its argument prototype would still apply.  */
| char _Xsetlocale ();
| int
| main (void)
| {
| return _Xsetlocale ();
|   ;
|   return 0;
| }
configure:18169: result: no
configure:18188: checking for XInternAtoms in -lX11
configure:18211: gcc -o conftest -march=x86-64 -mtune=generic -O2 -pipe -fno-plt -fexceptions         -Wp,-D_FORTIFY_SOURCE=3 -Wformat -Werror=format-security         -fstack-clash-protection -fcf-protection         -fno-omit-frame-pointer -mno-omit-leaf-frame-pointer -g -ffile-prefix-map=/home/nekane/wagashi/windowmaker/src=/usr/src/debug/windowmaker -flto=auto -Wall -Wextra -Wno-sign-compare -Werror=trampolines -Wno-deprecated -Wno-deprecated-declarations  -DNDEBUG -D_XOPEN_SOURCE=700 -D_GNU_SOURCE -Wl,-O1 -Wl,--sort-common -Wl,--as-needed -Wl,-z,relro -Wl,-z,now          -Wl,-z,pack-relative-relocs -flto=auto conftest.c -lX11  -lX11   >&5
configure:18211: $? = 0
configure:18221: result: yes
configure:18232: checking for XConvertCase in -lX11
configure:18255: gcc -o conftest -march=x86-64 -mtune=generic -O2 -pipe -fno-plt -fexceptions         -Wp,-D_FORTIFY_SOURCE=3 -Wformat -Werror=format-security         -fstack-clash-protection -fcf-protection         -fno-omit-frame-pointer -mno-omit-leaf-frame-pointer -g -ffile-prefix-map=/home/nekane/wagashi/windowmaker/src=/usr/src/debug/windowmaker -flto=auto -Wall -Wextra -Wno-sign-compare -Werror=trampolines -Wno-deprecated -Wno-deprecated-declarations  -DNDEBUG -D_XOPEN_SOURCE=700 -D_GNU_SOURCE -Wl,-O1 -Wl,--sort-common -Wl,--as-needed -Wl,-z,relro -Wl,-z,now          -Wl,-z,pack-relative-relocs -flto=auto conftest.c -lX11  -lX11   >&5
configure:18255: $? = 0
configure:18265: result: yes
configure:18320: checking for XRes support library
configure:15940: gcc -o conftest -march=x86-64 -mtune=generic -O2 -pipe -fno-plt -fexceptions         -Wp,-D_FORTIFY_SOURCE=3 -Wformat -Werror=format-security         -fstack-clash-protection -fcf-protection         -fno-omit-frame-pointer -mno-omit-leaf-frame-pointer -g -ffile-prefix-map=/home/nekane/wagashi/windowmaker/src=/usr/src/debug/windowmaker -flto=auto -Wall -Wextra -Wno-sign-compare -Werror=trampolines -Wno-deprecated -Wno-deprecated-declarations  -DNDEBUG -D_XOPEN_SOURCE=700 -D_GNU_SOURCE -Wl,-O1 -Wl,--sort-common -Wl,--as-needed -Wl,-z,relro -Wl,-z,now          -Wl,-z,pack-relative-relocs -flto=auto conftest.c  -lX11  -lXRes >&5
/usr/bin/ld: cannot find -lXRes: No such file or directory
collect2: error: ld returned 1 exit status
configure:15940: $? = 1
configure: failed program was:
| /* confdefs.h */
| #define PACKAGE_NAME "WindowMaker"
| #define PACKAGE_TARNAME "WindowMaker"
| #define PACKAGE_VERSION "0.96.0"
| #define PACKAGE_STRING "WindowMaker 0.96.0"
| #define PACKAGE_BUGREPORT "wmaker-dev@googlegroups.com"
| #define PACKAGE_URL "http://www.windowmaker.org/"
| #define PACKAGE "WindowMaker"
| #define VERSION "0.96.0"
| #define HAVE_STDIO_H 1
| #define HAVE_STDLIB_H 1
| #define HAVE_STRING_H 1
| #define HAVE_INTTYPES_H 1
| #define HAVE_STDINT_H 1
| #define HAVE_STRINGS_H 1
| #define HAVE_SYS_STAT_H 1
| #define HAVE_SYS_TYPES_H 1
| #define HAVE_UNISTD_H 1
| #define STDC_HEADERS 1
| #define HAVE_DLFCN_H 1
| #define LT_OBJDIR ".libs/"
| #define HAVE_PTHREAD_PRIO_INHERIT 1
| #define HAVE_PTHREAD 1
| #define USE_ANIMATIONS 1
| #define USE_MWM_HINTS 1
| #define HAVE_VPRINTF 1
| #define HAVE_SECURE_GETENV 1
| #define HAVE_GETHOSTNAME 1
| #define HAVE_SELECT 1
| #define HAVE_POLL 1
| #define HAVE_STRCASECMP 1
| #define HAVE_STRNCASECMP 1
| #define HAVE_SETSID 1
| #define HAVE_MALLINFO2 1
| #define HAVE_MKSTEMP 1
| #define HAVE_SYSCONF 1
| #define HAVE_STRLCAT 1
| #define HAVE_STRLCAT 1
| #define HAVE_SYS_INOTIFY_H 1
| #define HAVE_INOTIFY 1
| #define HAVE_SYSLOG_H 1
| #define HAVE_SYSLOG 1
| #define HAVE_SYS_WAIT_H 1
| #define HAVE_FCNTL_H 1
| #define HAVE_LIMITS_H 1
| #define HAVE_SYS_IOCTL_H 1
| #define HAVE_LIBINTL_H 1
| #define HAVE_POLL_H 1
| #define HAVE_MALLOC_H 1
| #define HAVE_CTYPE_H 1
| #define HAVE_STRING_H 1
| #define HAVE_STRINGS_H 1
| #define HAVE_STDNORETURN 1
| #define RETSIGTYPE void
| #define HAVE_GETTEXT 1
| #define HAVE_DGETTEXT 1
| #define I18N 1
| #define WLIB_CONSTRUCTOR(func_name) __attribute__ ((constructor)) func_name
| #define HAVE_XINTERNATOMS 1
| #define HAVE_XCONVERTCASE 1
| #define XKB_MODELOCK 1
| #define USE_DOCK_XDND 1
| /* end confdefs.h.  */
| 
| /* Override any GCC internal prototype to avoid an error.
|    Use char because int might match the return type of a GCC
|    builtin and then its argument prototype would still apply.  */
| char XResQueryClientIds ();
| int
| main (void)
| {
| return XResQueryClientIds ();
|   ;
|   return 0;
| }
configure:18363: result: no
configure:18394: checking for XShape support library
configure:15940: gcc -o conftest -march=x86-64 -mtune=generic -O2 -pipe -fno-plt -fexceptions         -Wp,-D_FORTIFY_SOURCE=3 -Wformat -Werror=format-security         -fstack-clash-protection -fcf-protection         -fno-omit-frame-pointer -mno-omit-leaf-frame-pointer -g -ffile-prefix-map=/home/nekane/wagashi/windowmaker/src=/usr/src/debug/windowmaker -flto=auto -Wall -Wextra -Wno-sign-compare -Werror=trampolines -Wno-deprecated -Wno-deprecated-declarations  -DNDEBUG -D_XOPEN_SOURCE=700 -D_GNU_SOURCE -Wl,-O1 -Wl,--sort-common -Wl,--as-needed -Wl,-z,relro -Wl,-z,now          -Wl,-z,pack-relative-relocs -flto=auto conftest.c  -lX11  -lXext >&5
configure:15940: $? = 0
configure:15974: gcc -c -march=x86-64 -mtune=generic -O2 -pipe -fno-plt -fexceptions         -Wp,-D_FORTIFY_SOURCE=3 -Wformat -Werror=format-security         -fstack-clash-protection -fcf-protection         -fno-omit-frame-pointer -mno-omit-leaf-frame-pointer -g -ffile-prefix-map=/home/nekane/wagashi/windowmaker/src=/usr/src/debug/windowmaker -flto=auto -Wall -Wextra -Wno-sign-compare -Werror=trampolines -Wno-deprecated -Wno-deprecated-declarations   -DNDEBUG -D_XOPEN_SOURCE=700 -D_GNU_SOURCE conftest.c >&5
configure:15974: $? = 0
configure:18424: result: -lXext
configure:18455: checking for XShm support library
configure:15940: gcc -o conftest -march=x86-64 -mtune=generic -O2 -pipe -fno-plt -fexceptions         -Wp,-D_FORTIFY_SOURCE=3 -Wformat -Werror=format-security         -fstack-clash-protection -fcf-protection         -fno-omit-frame-pointer -mno-omit-leaf-frame-pointer -g -ffile-prefix-map=/home/nekane/wagashi/windowmaker/src=/usr/src/debug/windowmaker -flto=auto -Wall -Wextra -Wno-sign-compare -Werror=trampolines -Wno-deprecated -Wno-deprecated-declarations  -DNDEBUG -D_XOPEN_SOURCE=700 -D_GNU_SOURCE -Wl,-O1 -Wl,--sort-common -Wl,--as-needed -Wl,-z,relro -Wl,-z,now          -Wl,-z,pack-relative-relocs -flto=auto conftest.c  -lX11  -lXext -lXext >&5
configure:15940: $? = 0
configure:18490: gcc -c -march=x86-64 -mtune=generic -O2 -pipe -fno-plt -fexceptions         -Wp,-D_FORTIFY_SOURCE=3 -Wformat -Werror=format-security         -fstack-clash-protection -fcf-protection         -fno-omit-frame-pointer -mno-omit-leaf-frame-pointer -g -ffile-prefix-map=/home/nekane/wagashi/windowmaker/src=/usr/src/debug/windowmaker -flto=auto -Wall -Wextra -Wno-sign-compare -Werror=trampolines -Wno-deprecated -Wno-deprecated-declarations  -DNDEBUG -D_XOPEN_SOURCE=700 -D_GNU_SOURCE conftest.c >&5
configure:18490: $? = 0
configure:18510: gcc -c -march=x86-64 -mtune=generic -O2 -pipe -fno-plt -fexceptions         -Wp,-D_FORTIFY_SOURCE=3 -Wformat -Werror=format-security         -fstack-clash-protection -fcf-protection         -fno-omit-frame-pointer -mno-omit-leaf-frame-pointer -g -ffile-prefix-map=/home/nekane/wagashi/windowmaker/src=/usr/src/debug/windowmaker -flto=auto -Wall -Wextra -Wno-sign-compare -Werror=trampolines -Wno-deprecated -Wno-deprecated-declarations  -DNDEBUG -D_XOPEN_SOURCE=700 -D_GNU_SOURCE conftest.c >&5
configure:18510: $? = 0
configure:18521: result: -lXext
configure:18547: checking for Xmu library
configure:15940: gcc -o conftest -march=x86-64 -mtune=generic -O2 -pipe -fno-plt -fexceptions         -Wp,-D_FORTIFY_SOURCE=3 -Wformat -Werror=format-security         -fstack-clash-protection -fcf-protection         -fno-omit-frame-pointer -mno-omit-leaf-frame-pointer -g -ffile-prefix-map=/home/nekane/wagashi/windowmaker/src=/usr/src/debug/windowmaker -flto=auto -Wall -Wextra -Wno-sign-compare -Werror=trampolines -Wno-deprecated -Wno-deprecated-declarations  -DNDEBUG -D_XOPEN_SOURCE=700 -D_GNU_SOURCE -Wl,-O1 -Wl,--sort-common -Wl,--as-needed -Wl,-z,relro -Wl,-z,now          -Wl,-z,pack-relative-relocs -flto=auto conftest.c  -lXmu >&5
configure:15940: $? = 0
configure:18580: gcc -c -march=x86-64 -mtune=generic -O2 -pipe -fno-plt -fexceptions         -Wp,-D_FORTIFY_SOURCE=3 -Wformat -Werror=format-security         -fstack-clash-protection -fcf-protection         -fno-omit-frame-pointer -mno-omit-leaf-frame-pointer -g -ffile-prefix-map=/home/nekane/wagashi/windowmaker/src=/usr/src/debug/windowmaker -flto=auto -Wall -Wextra -Wno-sign-compare -Werror=trampolines -Wno-deprecated -Wno-deprecated-declarations  -DNDEBUG -D_XOPEN_SOURCE=700 -D_GNU_SOURCE conftest.c >&5
configure:18580: $? = 0
configure:18591: result: -lXmu
configure:18612: checking for Xinerama support library
configure:15940: gcc -o conftest -march=x86-64 -mtune=generic -O2 -pipe -fno-plt -fexceptions         -Wp,-D_FORTIFY_SOURCE=3 -Wformat -Werror=format-security         -fstack-clash-protection -fcf-protection         -fno-omit-frame-pointer -mno-omit-leaf-frame-pointer -g -ffile-prefix-map=/home/nekane/wagashi/windowmaker/src=/usr/src/debug/windowmaker -flto=auto -Wall -Wextra -Wno-sign-compare -Werror=trampolines -Wno-deprecated -Wno-deprecated-declarations  -DNDEBUG -D_XOPEN_SOURCE=700 -D_GNU_SOURCE -Wl,-O1 -Wl,--sort-common -Wl,--as-needed -Wl,-z,relro -Wl,-z,now          -Wl,-z,pack-relative-relocs -flto=auto conftest.c   -lX11  -lXext -lXinerama >&5
configure:15940: $? = 0
configure:15974: gcc -c -march=x86-64 -mtune=generic -O2 -pipe -fno-plt -fexceptions         -Wp,-D_FORTIFY_SOURCE=3 -Wformat -Werror=format-security         -fstack-clash-protection -fcf-protection         -fno-omit-frame-pointer -mno-omit-leaf-frame-pointer -g -ffile-prefix-map=/home/nekane/wagashi/windowmaker/src=/usr/src/debug/windowmaker -flto=auto -Wall -Wextra -Wno-sign-compare -Werror=trampolines -Wno-deprecated -Wno-deprecated-declarations   -DNDEBUG -D_XOPEN_SOURCE=700 -D_GNU_SOURCE conftest.c >&5
configure:15974: $? = 0
configure:18653: result: -lXinerama 
configure:18684: checking for RandR support library
configure:15940: gcc -o conftest -march=x86-64 -mtune=generic -O2 -pipe -fno-plt -fexceptions         -Wp,-D_FORTIFY_SOURCE=3 -Wformat -Werror=format-security         -fstack-clash-protection -fcf-protection         -fno-omit-frame-pointer -mno-omit-leaf-frame-pointer -g -ffile-prefix-map=/home/nekane/wagashi/windowmaker/src=/usr/src/debug/windowmaker -flto=auto -Wall -Wextra -Wno-sign-compare -Werror=trampolines -Wno-deprecated -Wno-deprecated-declarations  -DNDEBUG -D_XOPEN_SOURCE=700 -D_GNU_SOURCE -Wl,-O1 -Wl,--sort-common -Wl,--as-needed -Wl,-z,relro -Wl,-z,now          -Wl,-z,pack-relative-relocs -flto=auto conftest.c  -lX11  -lXext -lXrandr >&5
configure:15940: $? = 0
configure:15974: gcc -c -march=x86-64 -mtune=generic -O2 -pipe -fno-plt -fexceptions         -Wp,-D_FORTIFY_SOURCE=3 -Wformat -Werror=format-security         -fstack-clash-protection -fcf-protection         -fno-omit-frame-pointer -mno-omit-leaf-frame-pointer -g -ffile-prefix-map=/home/nekane/wagashi/windowmaker/src=/usr/src/debug/windowmaker -flto=auto -Wall -Wextra -Wno-sign-compare -Werror=trampolines -Wno-deprecated -Wno-deprecated-declarations   -DNDEBUG -D_XOPEN_SOURCE=700 -D_GNU_SOURCE conftest.c >&5
configure:15974: $? = 0
configure:18714: result: -lXrandr
configure:18740: checking for math.h
configure:18740: gcc -c -march=x86-64 -mtune=generic -O2 -pipe -fno-plt -fexceptions         -Wp,-D_FORTIFY_SOURCE=3 -Wformat -Werror=format-security         -fstack-clash-protection -fcf-protection         -fno-omit-frame-pointer -mno-omit-leaf-frame-pointer -g -ffile-prefix-map=/home/nekane/wagashi/windowmaker/src=/usr/src/debug/windowmaker -flto=auto -Wall -Wextra -Wno-sign-compare -Werror=trampolines -Wno-deprecated -Wno-deprecated-declarations  -DNDEBUG -D_XOPEN_SOURCE=700 -D_GNU_SOURCE conftest.c >&5
configure:18740: $? = 0
configure:18740: result: yes
configure:18748: checking for atan
configure:18748: gcc -o conftest -march=x86-64 -mtune=generic -O2 -pipe -fno-plt -fexceptions         -Wp,-D_FORTIFY_SOURCE=3 -Wformat -Werror=format-security         -fstack-clash-protection -fcf-protection         -fno-omit-frame-pointer -mno-omit-leaf-frame-pointer -g -ffile-prefix-map=/home/nekane/wagashi/windowmaker/src=/usr/src/debug/windowmaker -flto=auto -Wall -Wextra -Wno-sign-compare -Werror=trampolines -Wno-deprecated -Wno-deprecated-declarations  -DNDEBUG -D_XOPEN_SOURCE=700 -D_GNU_SOURCE -Wl,-O1 -Wl,--sort-common -Wl,--as-needed -Wl,-z,relro -Wl,-z,now          -Wl,-z,pack-relative-relocs -flto=auto conftest.c  >&5
conftest.c:85:6: warning: conflicting types for built-in function 'atan'; expected 'double(double)' [-Wbuiltin-declaration-mismatch]
   85 | char atan ();
      |      ^~~~
conftest.c:77:1: note: 'atan' is declared in header '<math.h>'
   76 | #include <limits.h>
   77 | #undef atan
/usr/bin/ld: /tmp/ccLKuECV.ltrans0.ltrans.o: in function `main':
/usr/src/debug/windowmaker/WindowMaker-0.96.0/conftest.c:96:(.text.startup+0xa): undefined reference to `atan'
collect2: error: ld returned 1 exit status
configure:18748: $? = 1
configure: failed program was:
| /* confdefs.h */
| #define PACKAGE_NAME "WindowMaker"
| #define PACKAGE_TARNAME "WindowMaker"
| #define PACKAGE_VERSION "0.96.0"
| #define PACKAGE_STRING "WindowMaker 0.96.0"
| #define PACKAGE_BUGREPORT "wmaker-dev@googlegroups.com"
| #define PACKAGE_URL "http://www.windowmaker.org/"
| #define PACKAGE "WindowMaker"
| #define VERSION "0.96.0"
| #define HAVE_STDIO_H 1
| #define HAVE_STDLIB_H 1
| #define HAVE_STRING_H 1
| #define HAVE_INTTYPES_H 1
| #define HAVE_STDINT_H 1
| #define HAVE_STRINGS_H 1
| #define HAVE_SYS_STAT_H 1
| #define HAVE_SYS_TYPES_H 1
| #define HAVE_UNISTD_H 1
| #define STDC_HEADERS 1
| #define HAVE_DLFCN_H 1
| #define LT_OBJDIR ".libs/"
| #define HAVE_PTHREAD_PRIO_INHERIT 1
| #define HAVE_PTHREAD 1
| #define USE_ANIMATIONS 1
| #define USE_MWM_HINTS 1
| #define HAVE_VPRINTF 1
| #define HAVE_SECURE_GETENV 1
| #define HAVE_GETHOSTNAME 1
| #define HAVE_SELECT 1
| #define HAVE_POLL 1
| #define HAVE_STRCASECMP 1
| #define HAVE_STRNCASECMP 1
| #define HAVE_SETSID 1
| #define HAVE_MALLINFO2 1
| #define HAVE_MKSTEMP 1
| #define HAVE_SYSCONF 1
| #define HAVE_STRLCAT 1
| #define HAVE_STRLCAT 1
| #define HAVE_SYS_INOTIFY_H 1
| #define HAVE_INOTIFY 1
| #define HAVE_SYSLOG_H 1
| #define HAVE_SYSLOG 1
| #define HAVE_SYS_WAIT_H 1
| #define HAVE_FCNTL_H 1
| #define HAVE_LIMITS_H 1
| #define HAVE_SYS_IOCTL_H 1
| #define HAVE_LIBINTL_H 1
| #define HAVE_POLL_H 1
| #define HAVE_MALLOC_H 1
| #define HAVE_CTYPE_H 1
| #define HAVE_STRING_H 1
| #define HAVE_STRINGS_H 1
| #define HAVE_STDNORETURN 1
| #define RETSIGTYPE void
| #define HAVE_GETTEXT 1
| #define HAVE_DGETTEXT 1
| #define I18N 1
| #define WLIB_CONSTRUCTOR(func_name) __attribute__ ((constructor)) func_name
| #define HAVE_XINTERNATOMS 1
| #define HAVE_XCONVERTCASE 1
| #define XKB_MODELOCK 1
| #define USE_DOCK_XDND 1
| #define USE_XSHAPE 1
| #define USE_XSHM 1
| #define HAVE_LIBXMU 1
| #define USE_XINERAMA 1
| #define USE_RANDR 1
| /* end confdefs.h.  */
| /* Define atan to an innocuous variant, in case <limits.h> declares atan.
|    For example, HP-UX 11i <limits.h> declares gettimeofday.  */
| #define atan innocuous_atan
| 
| /* System header to define __stub macros and hopefully few prototypes,
|    which can conflict with char atan (); below.  */
| 
| #include <limits.h>
| #undef atan
| 
| /* Override any GCC internal prototype to avoid an error.
|    Use char because int might match the return type of a GCC
|    builtin and then its argument prototype would still apply.  */
| #ifdef __cplusplus
| extern "C"
| #endif
| char atan ();
| /* The GNU C library defines this for functions which it implements
|     to always fail with ENOSYS.  Some functions are actually named
|     something starting with __ and the normal name is an alias.  */
| #if defined __stub_atan || defined __stub___atan
| choke me
| #endif
| 
| int
| main (void)
| {
| return atan ();
|   ;
|   return 0;
| }
configure:18748: result: no
configure:18753: checking for atan in -lm
configure:18776: gcc -o conftest -march=x86-64 -mtune=generic -O2 -pipe -fno-plt -fexceptions         -Wp,-D_FORTIFY_SOURCE=3 -Wformat -Werror=format-security         -fstack-clash-protection -fcf-protection         -fno-omit-frame-pointer -mno-omit-leaf-frame-pointer -g -ffile-prefix-map=/home/nekane/wagashi/windowmaker/src=/usr/src/debug/windowmaker -flto=auto -Wall -Wextra -Wno-sign-compare -Werror=trampolines -Wno-deprecated -Wno-deprecated-declarations  -DNDEBUG -D_XOPEN_SOURCE=700 -D_GNU_SOURCE -Wl,-O1 -Wl,--sort-common -Wl,--as-needed -Wl,-z,relro -Wl,-z,now          -Wl,-z,pack-relative-relocs -flto=auto conftest.c -lm   >&5
conftest.c:73:6: warning: conflicting types for built-in function 'atan'; expected 'double(double)' [-Wbuiltin-declaration-mismatch]
   73 | char atan ();
      |      ^~~~
conftest.c:1:1: note: 'atan' is declared in header '<math.h>'
    1 | /* confdefs.h */
configure:18776: $? = 0
configure:18786: result: yes
configure:18798: checking if M_PI is defined in math.h
configure:15974: gcc -c -march=x86-64 -mtune=generic -O2 -pipe -fno-plt -fexceptions         -Wp,-D_FORTIFY_SOURCE=3 -Wformat -Werror=format-security         -fstack-clash-protection -fcf-protection         -fno-omit-frame-pointer -mno-omit-leaf-frame-pointer -g -ffile-prefix-map=/home/nekane/wagashi/windowmaker/src=/usr/src/debug/windowmaker -flto=auto -Wall -Wextra -Wno-sign-compare -Werror=trampolines -Wno-deprecated -Wno-deprecated-declarations   -DNDEBUG -D_XOPEN_SOURCE=700 -D_GNU_SOURCE conftest.c >&5
configure:15974: $? = 0
configure:18814: result: yes
configure:18830: checking if sinf+cosf are defined in math.h
configure:18862: gcc -o conftest -march=x86-64 -mtune=generic -O2 -pipe -fno-plt -fexceptions         -Wp,-D_FORTIFY_SOURCE=3 -Wformat -Werror=format-security         -fstack-clash-protection -fcf-protection         -fno-omit-frame-pointer -mno-omit-leaf-frame-pointer -g -ffile-prefix-map=/home/nekane/wagashi/windowmaker/src=/usr/src/debug/windowmaker -flto=auto -Wall -Wextra -Wno-sign-compare -Werror=trampolines -Wno-deprecated -Wno-deprecated-declarations   -DNDEBUG -D_XOPEN_SOURCE=700 -D_GNU_SOURCE -Wl,-O1 -Wl,--sort-common -Wl,--as-needed -Wl,-z,relro -Wl,-z,now          -Wl,-z,pack-relative-relocs -flto=auto conftest.c  -lm >&5
configure:18862: $? = 0
configure:18872: result: yes
configure:18887: checking for fontconfig library
configure:18894: result: found
configure:18903: checking for xft >= 2.1.0
configure:18910: $PKG_CONFIG --exists --print-errors "xft >= 2.1.0"
configure:18913: $? = 0
configure:18927: $PKG_CONFIG --exists --print-errors "xft >= 2.1.0"
configure:18930: $? = 0
configure:18968: result: yes
configure:19074: checking for pangoxft
configure:19081: $PKG_CONFIG --exists --print-errors "pangoxft"
configure:19084: $? = 0
configure:19098: $PKG_CONFIG --exists --print-errors "pangoxft"
configure:19101: $? = 0
configure:19139: result: yes
configure:19163: checking for XPM support library
configure:15940: gcc -o conftest -march=x86-64 -mtune=generic -O2 -pipe -fno-plt -fexceptions         -Wp,-D_FORTIFY_SOURCE=3 -Wformat -Werror=format-security         -fstack-clash-protection -fcf-protection         -fno-omit-frame-pointer -mno-omit-leaf-frame-pointer -g -ffile-prefix-map=/home/nekane/wagashi/windowmaker/src=/usr/src/debug/windowmaker -flto=auto -Wall -Wextra -Wno-sign-compare -Werror=trampolines -Wno-deprecated -Wno-deprecated-declarations  -DNDEBUG -D_XOPEN_SOURCE=700 -D_GNU_SOURCE -Wl,-O1 -Wl,--sort-common -Wl,--as-needed -Wl,-z,relro -Wl,-z,now          -Wl,-z,pack-relative-relocs -flto=auto conftest.c   -lX11  -lXext -lXpm >&5
configure:15940: $? = 0
configure:15974: gcc -c -march=x86-64 -mtune=generic -O2 -pipe -fno-plt -fexceptions         -Wp,-D_FORTIFY_SOURCE=3 -Wformat -Werror=format-security         -fstack-clash-protection -fcf-protection         -fno-omit-frame-pointer -mno-omit-leaf-frame-pointer -g -ffile-prefix-map=/home/nekane/wagashi/windowmaker/src=/usr/src/debug/windowmaker -flto=auto -Wall -Wextra -Wno-sign-compare -Werror=trampolines -Wno-deprecated -Wno-deprecated-declarations   -DNDEBUG -D_XOPEN_SOURCE=700 -D_GNU_SOURCE conftest.c >&5
configure:15974: $? = 0
configure:15974: gcc -c -march=x86-64 -mtune=generic -O2 -pipe -fno-plt -fexceptions         -Wp,-D_FORTIFY_SOURCE=3 -Wformat -Werror=format-security         -fstack-clash-protection -fcf-protection         -fno-omit-frame-pointer -mno-omit-leaf-frame-pointer -g -ffile-prefix-map=/home/nekane/wagashi/windowmaker/src=/usr/src/debug/windowmaker -flto=auto -Wall -Wextra -Wno-sign-compare -Werror=trampolines -Wno-deprecated -Wno-deprecated-declarations   -DNDEBUG -D_XOPEN_SOURCE=700 -D_GNU_SOURCE conftest.c >&5
configure:15974: $? = 0
configure:19199: result: -lXpm
configure:19240: checking for libexif/exif-data.h
configure:19240: gcc -c -march=x86-64 -mtune=generic -O2 -pipe -fno-plt -fexceptions         -Wp,-D_FORTIFY_SOURCE=3 -Wformat -Werror=format-security         -fstack-clash-protection -fcf-protection         -fno-omit-frame-pointer -mno-omit-leaf-frame-pointer -g -ffile-prefix-map=/home/nekane/wagashi/windowmaker/src=/usr/src/debug/windowmaker -flto=auto -Wall -Wextra -Wno-sign-compare -Werror=trampolines -Wno-deprecated -Wno-deprecated-declarations  -DNDEBUG -D_XOPEN_SOURCE=700 -D_GNU_SOURCE conftest.c >&5
configure:19240: $? = 0
configure:19240: result: yes
configure:19243: checking for exif_data_new_from_file
configure:19243: gcc -o conftest -march=x86-64 -mtune=generic -O2 -pipe -fno-plt -fexceptions         -Wp,-D_FORTIFY_SOURCE=3 -Wformat -Werror=format-security         -fstack-clash-protection -fcf-protection         -fno-omit-frame-pointer -mno-omit-leaf-frame-pointer -g -ffile-prefix-map=/home/nekane/wagashi/windowmaker/src=/usr/src/debug/windowmaker -flto=auto -Wall -Wextra -Wno-sign-compare -Werror=trampolines -Wno-deprecated -Wno-deprecated-declarations  -DNDEBUG -D_XOPEN_SOURCE=700 -D_GNU_SOURCE -Wl,-O1 -Wl,--sort-common -Wl,--as-needed -Wl,-z,relro -Wl,-z,now          -Wl,-z,pack-relative-relocs -flto=auto conftest.c  >&5
/usr/bin/ld: /tmp/ccSuj5xP.ltrans0.ltrans.o: in function `main':
/usr/src/debug/windowmaker/WindowMaker-0.96.0/conftest.c:100:(.text.startup+0xa): undefined reference to `exif_data_new_from_file'
collect2: error: ld returned 1 exit status
configure:19243: $? = 1
configure: failed program was:
| /* confdefs.h */
| #define PACKAGE_NAME "WindowMaker"
| #define PACKAGE_TARNAME "WindowMaker"
| #define PACKAGE_VERSION "0.96.0"
| #define PACKAGE_STRING "WindowMaker 0.96.0"
| #define PACKAGE_BUGREPORT "wmaker-dev@googlegroups.com"
| #define PACKAGE_URL "http://www.windowmaker.org/"
| #define PACKAGE "WindowMaker"
| #define VERSION "0.96.0"
| #define HAVE_STDIO_H 1
| #define HAVE_STDLIB_H 1
| #define HAVE_STRING_H 1
| #define HAVE_INTTYPES_H 1
| #define HAVE_STDINT_H 1
| #define HAVE_STRINGS_H 1
| #define HAVE_SYS_STAT_H 1
| #define HAVE_SYS_TYPES_H 1
| #define HAVE_UNISTD_H 1
| #define STDC_HEADERS 1
| #define HAVE_DLFCN_H 1
| #define LT_OBJDIR ".libs/"
| #define HAVE_PTHREAD_PRIO_INHERIT 1
| #define HAVE_PTHREAD 1
| #define USE_ANIMATIONS 1
| #define USE_MWM_HINTS 1
| #define HAVE_VPRINTF 1
| #define HAVE_SECURE_GETENV 1
| #define HAVE_GETHOSTNAME 1
| #define HAVE_SELECT 1
| #define HAVE_POLL 1
| #define HAVE_STRCASECMP 1
| #define HAVE_STRNCASECMP 1
| #define HAVE_SETSID 1
| #define HAVE_MALLINFO2 1
| #define HAVE_MKSTEMP 1
| #define HAVE_SYSCONF 1
| #define HAVE_STRLCAT 1
| #define HAVE_STRLCAT 1
| #define HAVE_SYS_INOTIFY_H 1
| #define HAVE_INOTIFY 1
| #define HAVE_SYSLOG_H 1
| #define HAVE_SYSLOG 1
| #define HAVE_SYS_WAIT_H 1
| #define HAVE_FCNTL_H 1
| #define HAVE_LIMITS_H 1
| #define HAVE_SYS_IOCTL_H 1
| #define HAVE_LIBINTL_H 1
| #define HAVE_POLL_H 1
| #define HAVE_MALLOC_H 1
| #define HAVE_CTYPE_H 1
| #define HAVE_STRING_H 1
| #define HAVE_STRINGS_H 1
| #define HAVE_STDNORETURN 1
| #define RETSIGTYPE void
| #define HAVE_GETTEXT 1
| #define HAVE_DGETTEXT 1
| #define I18N 1
| #define WLIB_CONSTRUCTOR(func_name) __attribute__ ((constructor)) func_name
| #define HAVE_XINTERNATOMS 1
| #define HAVE_XCONVERTCASE 1
| #define XKB_MODELOCK 1
| #define USE_DOCK_XDND 1
| #define USE_XSHAPE 1
| #define USE_XSHM 1
| #define HAVE_LIBXMU 1
| #define USE_XINERAMA 1
| #define USE_RANDR 1
| #define WM_PI (M_PI)
| #define HAVE_FLOAT_MATHFUNC 1
| #define USE_PANGO 1
| #define USE_XPM 1
| /* end confdefs.h.  */
| /* Define exif_data_new_from_file to an innocuous variant, in case <limits.h> declares exif_data_new_from_file.
|    For example, HP-UX 11i <limits.h> declares gettimeofday.  */
| #define exif_data_new_from_file innocuous_exif_data_new_from_file
| 
| /* System header to define __stub macros and hopefully few prototypes,
|    which can conflict with char exif_data_new_from_file (); below.  */
| 
| #include <limits.h>
| #undef exif_data_new_from_file
| 
| /* Override any GCC internal prototype to avoid an error.
|    Use char because int might match the return type of a GCC
|    builtin and then its argument prototype would still apply.  */
| #ifdef __cplusplus
| extern "C"
| #endif
| char exif_data_new_from_file ();
| /* The GNU C library defines this for functions which it implements
|     to always fail with ENOSYS.  Some functions are actually named
|     something starting with __ and the normal name is an alias.  */
| #if defined __stub_exif_data_new_from_file || defined __stub___exif_data_new_from_file
| choke me
| #endif
| 
| int
| main (void)
| {
| return exif_data_new_from_file ();
|   ;
|   return 0;
| }
configure:19243: result: no
configure:19248: checking for exif_data_new_from_file in -lexif
configure:19271: gcc -o conftest -march=x86-64 -mtune=generic -O2 -pipe -fno-plt -fexceptions         -Wp,-D_FORTIFY_SOURCE=3 -Wformat -Werror=format-security         -fstack-clash-protection -fcf-protection         -fno-omit-frame-pointer -mno-omit-leaf-frame-pointer -g -ffile-prefix-map=/home/nekane/wagashi/windowmaker/src=/usr/src/debug/windowmaker -flto=auto -Wall -Wextra -Wno-sign-compare -Werror=trampolines -Wno-deprecated -Wno-deprecated-declarations  -DNDEBUG -D_XOPEN_SOURCE=700 -D_GNU_SOURCE -Wl,-O1 -Wl,--sort-common -Wl,--as-needed -Wl,-z,relro -Wl,-z,now          -Wl,-z,pack-relative-relocs -flto=auto conftest.c -lexif   >&5
configure:19271: $? = 0
configure:19281: result: yes
configure:19313: checking for PNG support library
configure:15940: gcc -o conftest -march=x86-64 -mtune=generic -O2 -pipe -fno-plt -fexceptions         -Wp,-D_FORTIFY_SOURCE=3 -Wformat -Werror=format-security         -fstack-clash-protection -fcf-protection         -fno-omit-frame-pointer -mno-omit-leaf-frame-pointer -g -ffile-prefix-map=/home/nekane/wagashi/windowmaker/src=/usr/src/debug/windowmaker -flto=auto -Wall -Wextra -Wno-sign-compare -Werror=trampolines -Wno-deprecated -Wno-deprecated-declarations  -DNDEBUG -D_XOPEN_SOURCE=700 -D_GNU_SOURCE -Wl,-O1 -Wl,--sort-common -Wl,--as-needed -Wl,-z,relro -Wl,-z,now          -Wl,-z,pack-relative-relocs -flto=auto conftest.c   -lX11  -lXext -lpng >&5
configure:15940: $? = 0
configure:15974: gcc -c -march=x86-64 -mtune=generic -O2 -pipe -fno-plt -fexceptions         -Wp,-D_FORTIFY_SOURCE=3 -Wformat -Werror=format-security         -fstack-clash-protection -fcf-protection         -fno-omit-frame-pointer -mno-omit-leaf-frame-pointer -g -ffile-prefix-map=/home/nekane/wagashi/windowmaker/src=/usr/src/debug/windowmaker -flto=auto -Wall -Wextra -Wno-sign-compare -Werror=trampolines -Wno-deprecated -Wno-deprecated-declarations   -DNDEBUG -D_XOPEN_SOURCE=700 -D_GNU_SOURCE conftest.c >&5
configure:15974: $? = 0
configure:15974: gcc -c -march=x86-64 -mtune=generic -O2 -pipe -fno-plt -fexceptions         -Wp,-D_FORTIFY_SOURCE=3 -Wformat -Werror=format-security         -fstack-clash-protection -fcf-protection         -fno-omit-frame-pointer -mno-omit-leaf-frame-pointer -g -ffile-prefix-map=/home/nekane/wagashi/windowmaker/src=/usr/src/debug/windowmaker -flto=auto -Wall -Wextra -Wno-sign-compare -Werror=trampolines -Wno-deprecated -Wno-deprecated-declarations   -DNDEBUG -D_XOPEN_SOURCE=700 -D_GNU_SOURCE conftest.c >&5
configure:15974: $? = 0
configure:19351: result: -lpng
configure:19389: checking for JPEG support library
configure:15940: gcc -o conftest -march=x86-64 -mtune=generic -O2 -pipe -fno-plt -fexceptions         -Wp,-D_FORTIFY_SOURCE=3 -Wformat -Werror=format-security         -fstack-clash-protection -fcf-protection         -fno-omit-frame-pointer -mno-omit-leaf-frame-pointer -g -ffile-prefix-map=/home/nekane/wagashi/windowmaker/src=/usr/src/debug/windowmaker -flto=auto -Wall -Wextra -Wno-sign-compare -Werror=trampolines -Wno-deprecated -Wno-deprecated-declarations  -DNDEBUG -D_XOPEN_SOURCE=700 -D_GNU_SOURCE -Wl,-O1 -Wl,--sort-common -Wl,--as-needed -Wl,-z,relro -Wl,-z,now          -Wl,-z,pack-relative-relocs -flto=auto conftest.c   -lX11  -lXext -ljpeg >&5
configure:15940: $? = 0
configure:19423: gcc -c -march=x86-64 -mtune=generic -O2 -pipe -fno-plt -fexceptions         -Wp,-D_FORTIFY_SOURCE=3 -Wformat -Werror=format-security         -fstack-clash-protection -fcf-protection         -fno-omit-frame-pointer -mno-omit-leaf-frame-pointer -g -ffile-prefix-map=/home/nekane/wagashi/windowmaker/src=/usr/src/debug/windowmaker -flto=auto -Wall -Wextra -Wno-sign-compare -Werror=trampolines -Wno-deprecated -Wno-deprecated-declarations  -DNDEBUG -D_XOPEN_SOURCE=700 -D_GNU_SOURCE conftest.c >&5
configure:19423: $? = 0
configure:19438: result: -ljpeg
configure:19476: checking for GIF support library
configure:15940: gcc -o conftest -march=x86-64 -mtune=generic -O2 -pipe -fno-plt -fexceptions         -Wp,-D_FORTIFY_SOURCE=3 -Wformat -Werror=format-security         -fstack-clash-protection -fcf-protection         -fno-omit-frame-pointer -mno-omit-leaf-frame-pointer -g -ffile-prefix-map=/home/nekane/wagashi/windowmaker/src=/usr/src/debug/windowmaker -flto=auto -Wall -Wextra -Wno-sign-compare -Werror=trampolines -Wno-deprecated -Wno-deprecated-declarations  -DNDEBUG -D_XOPEN_SOURCE=700 -D_GNU_SOURCE -Wl,-O1 -Wl,--sort-common -Wl,--as-needed -Wl,-z,relro -Wl,-z,now          -Wl,-z,pack-relative-relocs -flto=auto conftest.c   -lX11  -lXext -lgif >&5
configure:15940: $? = 0
configure:15974: gcc -c -march=x86-64 -mtune=generic -O2 -pipe -fno-plt -fexceptions         -Wp,-D_FORTIFY_SOURCE=3 -Wformat -Werror=format-security         -fstack-clash-protection -fcf-protection         -fno-omit-frame-pointer -mno-omit-leaf-frame-pointer -g -ffile-prefix-map=/home/nekane/wagashi/windowmaker/src=/usr/src/debug/windowmaker -flto=auto -Wall -Wextra -Wno-sign-compare -Werror=trampolines -Wno-deprecated -Wno-deprecated-declarations   -DNDEBUG -D_XOPEN_SOURCE=700 -D_GNU_SOURCE conftest.c >&5
configure:15974: $? = 0
configure:15974: gcc -c -march=x86-64 -mtune=generic -O2 -pipe -fno-plt -fexceptions         -Wp,-D_FORTIFY_SOURCE=3 -Wformat -Werror=format-security         -fstack-clash-protection -fcf-protection         -fno-omit-frame-pointer -mno-omit-leaf-frame-pointer -g -ffile-prefix-map=/home/nekane/wagashi/windowmaker/src=/usr/src/debug/windowmaker -flto=auto -Wall -Wextra -Wno-sign-compare -Werror=trampolines -Wno-deprecated -Wno-deprecated-declarations   -DNDEBUG -D_XOPEN_SOURCE=700 -D_GNU_SOURCE conftest.c >&5
conftest.c: In function 'main':
conftest.c:82:3: error: too few arguments to function 'DGifOpenFileName'; expected 2, have 1
   82 |   DGifOpenFileName(filename);
      |   ^~~~~~~~~~~~~~~~
In file included from conftest.c:76:
/usr/include/gif_lib.h:176:14: note: declared here
  176 | GifFileType *DGifOpenFileName(const char *GifFileName, int *Error);
      |              ^~~~~~~~~~~~~~~~
configure:15974: $? = 1
configure: failed program was:
| /* confdefs.h */
| #define PACKAGE_NAME "WindowMaker"
| #define PACKAGE_TARNAME "WindowMaker"
| #define PACKAGE_VERSION "0.96.0"
| #define PACKAGE_STRING "WindowMaker 0.96.0"
| #define PACKAGE_BUGREPORT "wmaker-dev@googlegroups.com"
| #define PACKAGE_URL "http://www.windowmaker.org/"
| #define PACKAGE "WindowMaker"
| #define VERSION "0.96.0"
| #define HAVE_STDIO_H 1
| #define HAVE_STDLIB_H 1
| #define HAVE_STRING_H 1
| #define HAVE_INTTYPES_H 1
| #define HAVE_STDINT_H 1
| #define HAVE_STRINGS_H 1
| #define HAVE_SYS_STAT_H 1
| #define HAVE_SYS_TYPES_H 1
| #define HAVE_UNISTD_H 1
| #define STDC_HEADERS 1
| #define HAVE_DLFCN_H 1
| #define LT_OBJDIR ".libs/"
| #define HAVE_PTHREAD_PRIO_INHERIT 1
| #define HAVE_PTHREAD 1
| #define USE_ANIMATIONS 1
| #define USE_MWM_HINTS 1
| #define HAVE_VPRINTF 1
| #define HAVE_SECURE_GETENV 1
| #define HAVE_GETHOSTNAME 1
| #define HAVE_SELECT 1
| #define HAVE_POLL 1
| #define HAVE_STRCASECMP 1
| #define HAVE_STRNCASECMP 1
| #define HAVE_SETSID 1
| #define HAVE_MALLINFO2 1
| #define HAVE_MKSTEMP 1
| #define HAVE_SYSCONF 1
| #define HAVE_STRLCAT 1
| #define HAVE_STRLCAT 1
| #define HAVE_SYS_INOTIFY_H 1
| #define HAVE_INOTIFY 1
| #define HAVE_SYSLOG_H 1
| #define HAVE_SYSLOG 1
| #define HAVE_SYS_WAIT_H 1
| #define HAVE_FCNTL_H 1
| #define HAVE_LIMITS_H 1
| #define HAVE_SYS_IOCTL_H 1
| #define HAVE_LIBINTL_H 1
| #define HAVE_POLL_H 1
| #define HAVE_MALLOC_H 1
| #define HAVE_CTYPE_H 1
| #define HAVE_STRING_H 1
| #define HAVE_STRINGS_H 1
| #define HAVE_STDNORETURN 1
| #define RETSIGTYPE void
| #define HAVE_GETTEXT 1
| #define HAVE_DGETTEXT 1
| #define I18N 1
| #define WLIB_CONSTRUCTOR(func_name) __attribute__ ((constructor)) func_name
| #define HAVE_XINTERNATOMS 1
| #define HAVE_XCONVERTCASE 1
| #define XKB_MODELOCK 1
| #define USE_DOCK_XDND 1
| #define USE_XSHAPE 1
| #define USE_XSHM 1
| #define HAVE_LIBXMU 1
| #define USE_XINERAMA 1
| #define USE_RANDR 1
| #define WM_PI (M_PI)
| #define HAVE_FLOAT_MATHFUNC 1
| #define USE_PANGO 1
| #define USE_XPM 1
| #define HAVE_EXIF 1
| #define USE_PNG 1
| #define USE_JPEG 1
| /* end confdefs.h.  */
| #include <gif_lib.h>
| 
| const char *filename = "dummy";
| int
| main (void)
| {
|   DGifOpenFileName(filename);
|   ;
|   return 0;
| }
configure:19522: gcc -c -march=x86-64 -mtune=generic -O2 -pipe -fno-plt -fexceptions         -Wp,-D_FORTIFY_SOURCE=3 -Wformat -Werror=format-security         -fstack-clash-protection -fcf-protection         -fno-omit-frame-pointer -mno-omit-leaf-frame-pointer -g -ffile-prefix-map=/home/nekane/wagashi/windowmaker/src=/usr/src/debug/windowmaker -flto=auto -Wall -Wextra -Wno-sign-compare -Werror=trampolines -Wno-deprecated -Wno-deprecated-declarations   -DNDEBUG -D_XOPEN_SOURCE=700 -D_GNU_SOURCE conftest.c >&5
configure:19522: $? = 0
configure:19535: result: -lgif version:5
configure:19575: checking for TIFF support library
configure:15940: gcc -o conftest -march=x86-64 -mtune=generic -O2 -pipe -fno-plt -fexceptions         -Wp,-D_FORTIFY_SOURCE=3 -Wformat -Werror=format-security         -fstack-clash-protection -fcf-protection         -fno-omit-frame-pointer -mno-omit-leaf-frame-pointer -g -ffile-prefix-map=/home/nekane/wagashi/windowmaker/src=/usr/src/debug/windowmaker -flto=auto -Wall -Wextra -Wno-sign-compare -Werror=trampolines -Wno-deprecated -Wno-deprecated-declarations  -DNDEBUG -D_XOPEN_SOURCE=700 -D_GNU_SOURCE -Wl,-O1 -Wl,--sort-common -Wl,--as-needed -Wl,-z,relro -Wl,-z,now          -Wl,-z,pack-relative-relocs -flto=auto conftest.c   -lX11  -lXext -ltiff >&5
configure:15940: $? = 0
configure:15974: gcc -c -march=x86-64 -mtune=generic -O2 -pipe -fno-plt -fexceptions         -Wp,-D_FORTIFY_SOURCE=3 -Wformat -Werror=format-security         -fstack-clash-protection -fcf-protection         -fno-omit-frame-pointer -mno-omit-leaf-frame-pointer -g -ffile-prefix-map=/home/nekane/wagashi/windowmaker/src=/usr/src/debug/windowmaker -flto=auto -Wall -Wextra -Wno-sign-compare -Werror=trampolines -Wno-deprecated -Wno-deprecated-declarations   -DNDEBUG -D_XOPEN_SOURCE=700 -D_GNU_SOURCE conftest.c >&5
configure:15974: $? = 0
configure:15974: gcc -c -march=x86-64 -mtune=generic -O2 -pipe -fno-plt -fexceptions         -Wp,-D_FORTIFY_SOURCE=3 -Wformat -Werror=format-security         -fstack-clash-protection -fcf-protection         -fno-omit-frame-pointer -mno-omit-leaf-frame-pointer -g -ffile-prefix-map=/home/nekane/wagashi/windowmaker/src=/usr/src/debug/windowmaker -flto=auto -Wall -Wextra -Wno-sign-compare -Werror=trampolines -Wno-deprecated -Wno-deprecated-declarations   -DNDEBUG -D_XOPEN_SOURCE=700 -D_GNU_SOURCE conftest.c >&5
configure:15974: $? = 0
configure:19617: result: -ltiff
configure:19654: checking for WebP support library
configure:19674: gcc -o conftest -march=x86-64 -mtune=generic -O2 -pipe -fno-plt -fexceptions         -Wp,-D_FORTIFY_SOURCE=3 -Wformat -Werror=format-security         -fstack-clash-protection -fcf-protection         -fno-omit-frame-pointer -mno-omit-leaf-frame-pointer -g -ffile-prefix-map=/home/nekane/wagashi/windowmaker/src=/usr/src/debug/windowmaker -flto=auto -Wall -Wextra -Wno-sign-compare -Werror=trampolines -Wno-deprecated -Wno-deprecated-declarations  -DNDEBUG -D_XOPEN_SOURCE=700 -D_GNU_SOURCE -Wl,-O1 -Wl,--sort-common -Wl,--as-needed -Wl,-z,relro -Wl,-z,now          -Wl,-z,pack-relative-relocs -flto=auto conftest.c  -lwebp >&5
configure:19674: $? = 0
configure:19686: result: -lwebp
configure:19722: checking for Magick support library
configure:15940: gcc -o conftest -march=x86-64 -mtune=generic -O2 -pipe -fno-plt -fexceptions         -Wp,-D_FORTIFY_SOURCE=3 -Wformat -Werror=format-security         -fstack-clash-protection -fcf-protection         -fno-omit-frame-pointer -mno-omit-leaf-frame-pointer -g -ffile-prefix-map=/home/nekane/wagashi/windowmaker/src=/usr/src/debug/windowmaker -flto=auto -Wall -Wextra -Wno-sign-compare -Werror=trampolines -Wno-deprecated -Wno-deprecated-declarations  -DNDEBUG -D_XOPEN_SOURCE=700 -D_GNU_SOURCE -Wl,-O1 -Wl,--sort-common -Wl,--as-needed -Wl,-z,relro -Wl,-z,now          -Wl,-z,pack-relative-relocs -flto=auto conftest.c  -lMagickWand-7.Q16HDRI -lMagickCore-7.Q16HDRI >&5
configure:15940: $? = 0
configure:15974: gcc -c -march=x86-64 -mtune=generic -O2 -pipe -fno-plt -fexceptions         -Wp,-D_FORTIFY_SOURCE=3 -Wformat -Werror=format-security         -fstack-clash-protection -fcf-protection         -fno-omit-frame-pointer -mno-omit-leaf-frame-pointer -g -ffile-prefix-map=/home/nekane/wagashi/windowmaker/src=/usr/src/debug/windowmaker -flto=auto -Wall -Wextra -Wno-sign-compare -Werror=trampolines -Wno-deprecated -Wno-deprecated-declarations -I/usr/include/ImageMagick-7 -fopenmp -DMAGICKCORE_HDRI_ENABLE=1 -DMAGICKCORE_QUANTUM_DEPTH=16 -DMAGICKCORE_CHANNEL_MASK_DEPTH=32  -DNDEBUG -D_XOPEN_SOURCE=700 -D_GNU_SOURCE conftest.c >&5
configure:15974: $? = 0
configure:19805: result: -I/usr/include/ImageMagick-7 -fopenmp -DMAGICKCORE_HDRI_ENABLE=1 -DMAGICKCORE_QUANTUM_DEPTH=16 -DMAGICKCORE_CHANNEL_MASK_DEPTH=32 % -lMagickWand-7.Q16HDRI -lMagickCore-7.Q16HDRI
configure:19874: checking for stdlib.h
configure:19874: result: yes
configure:19931: checking if LD -Wl,--version-script works
configure:19952: gcc -o conftest -march=x86-64 -mtune=generic -O2 -pipe -fno-plt -fexceptions         -Wp,-D_FORTIFY_SOURCE=3 -Wformat -Werror=format-security         -fstack-clash-protection -fcf-protection         -fno-omit-frame-pointer -mno-omit-leaf-frame-pointer -g -ffile-prefix-map=/home/nekane/wagashi/windowmaker/src=/usr/src/debug/windowmaker -flto=auto -Wall -Wextra -Wno-sign-compare -Werror=trampolines -Wno-deprecated -Wno-deprecated-declarations  -DNDEBUG -D_XOPEN_SOURCE=700 -D_GNU_SOURCE -Wl,-O1 -Wl,--sort-common -Wl,--as-needed -Wl,-z,relro -Wl,-z,now          -Wl,-z,pack-relative-relocs -flto=auto -Wl,--version-script=conftest.map conftest.c  >&5
/usr/bin/ld:conftest.map:0: syntax error in VERSION script
collect2: error: ld returned 1 exit status
configure:19952: $? = 1
configure: failed program was:
| /* confdefs.h */
| #define PACKAGE_NAME "WindowMaker"
| #define PACKAGE_TARNAME "WindowMaker"
| #define PACKAGE_VERSION "0.96.0"
| #define PACKAGE_STRING "WindowMaker 0.96.0"
| #define PACKAGE_BUGREPORT "wmaker-dev@googlegroups.com"
| #define PACKAGE_URL "http://www.windowmaker.org/"
| #define PACKAGE "WindowMaker"
| #define VERSION "0.96.0"
| #define HAVE_STDIO_H 1
| #define HAVE_STDLIB_H 1
| #define HAVE_STRING_H 1
| #define HAVE_INTTYPES_H 1
| #define HAVE_STDINT_H 1
| #define HAVE_STRINGS_H 1
| #define HAVE_SYS_STAT_H 1
| #define HAVE_SYS_TYPES_H 1
| #define HAVE_UNISTD_H 1
| #define STDC_HEADERS 1
| #define HAVE_DLFCN_H 1
| #define LT_OBJDIR ".libs/"
| #define HAVE_PTHREAD_PRIO_INHERIT 1
| #define HAVE_PTHREAD 1
| #define USE_ANIMATIONS 1
| #define USE_MWM_HINTS 1
| #define HAVE_VPRINTF 1
| #define HAVE_SECURE_GETENV 1
| #define HAVE_GETHOSTNAME 1
| #define HAVE_SELECT 1
| #define HAVE_POLL 1
| #define HAVE_STRCASECMP 1
| #define HAVE_STRNCASECMP 1
| #define HAVE_SETSID 1
| #define HAVE_MALLINFO2 1
| #define HAVE_MKSTEMP 1
| #define HAVE_SYSCONF 1
| #define HAVE_STRLCAT 1
| #define HAVE_STRLCAT 1
| #define HAVE_SYS_INOTIFY_H 1
| #define HAVE_INOTIFY 1
| #define HAVE_SYSLOG_H 1
| #define HAVE_SYSLOG 1
| #define HAVE_SYS_WAIT_H 1
| #define HAVE_FCNTL_H 1
| #define HAVE_LIMITS_H 1
| #define HAVE_SYS_IOCTL_H 1
| #define HAVE_LIBINTL_H 1
| #define HAVE_POLL_H 1
| #define HAVE_MALLOC_H 1
| #define HAVE_CTYPE_H 1
| #define HAVE_STRING_H 1
| #define HAVE_STRINGS_H 1
| #define HAVE_STDNORETURN 1
| #define RETSIGTYPE void
| #define HAVE_GETTEXT 1
| #define HAVE_DGETTEXT 1
| #define I18N 1
| #define WLIB_CONSTRUCTOR(func_name) __attribute__ ((constructor)) func_name
| #define HAVE_XINTERNATOMS 1
| #define HAVE_XCONVERTCASE 1
| #define XKB_MODELOCK 1
| #define USE_DOCK_XDND 1
| #define USE_XSHAPE 1
| #define USE_XSHM 1
| #define HAVE_LIBXMU 1
| #define USE_XINERAMA 1
| #define USE_RANDR 1
| #define WM_PI (M_PI)
| #define HAVE_FLOAT_MATHFUNC 1
| #define USE_PANGO 1
| #define USE_XPM 1
| #define HAVE_EXIF 1
| #define USE_PNG 1
| #define USE_JPEG 1
| #define USE_GIF 5
| #define USE_TIFF 1
| #define USE_WEBP 1
| #define USE_MAGICK 7
| #define HAVE_STDLIB_H 1
| #define USER_MENU 1
| /* end confdefs.h.  */
| 
| int
| main (void)
| {
| 
|   ;
|   return 0;
| }
configure:19976: gcc -o conftest -march=x86-64 -mtune=generic -O2 -pipe -fno-plt -fexceptions         -Wp,-D_FORTIFY_SOURCE=3 -Wformat -Werror=format-security         -fstack-clash-protection -fcf-protection         -fno-omit-frame-pointer -mno-omit-leaf-frame-pointer -g -ffile-prefix-map=/home/nekane/wagashi/windowmaker/src=/usr/src/debug/windowmaker -flto=auto -Wall -Wextra -Wno-sign-compare -Werror=trampolines -Wno-deprecated -Wno-deprecated-declarations  -DNDEBUG -D_XOPEN_SOURCE=700 -D_GNU_SOURCE -Wl,-O1 -Wl,--sort-common -Wl,--as-needed -Wl,-z,relro -Wl,-z,now          -Wl,-z,pack-relative-relocs -flto=auto -Wl,--version-script=conftest.map conftest.c  >&5
configure:19976: $? = 0
configure:19988: result: yes
configure:20151: checking that generated files are newer than configure
configure:20157: result: done
configure:20260: creating ./config.status

## ---------------------- ##
## Running config.status. ##
## ---------------------- ##

This file was extended by WindowMaker config.status 0.96.0, which was
generated by GNU Autoconf 2.71.  Invocation command line was

  CONFIG_FILES    = 
  CONFIG_HEADERS  = 
  CONFIG_LINKS    = 
  CONFIG_COMMANDS = 
  $ ./config.status 

on Tomoya

config.status:1276: creating Makefile
config.status:1276: creating wrlib/Makefile
config.status:1276: creating wrlib/po/Makefile
config.status:1276: creating wrlib/tests/Makefile
config.status:1276: creating WINGs/Makefile
config.status:1276: creating WINGs/WINGs/Makefile
config.status:1276: creating WINGs/po/Makefile
config.status:1276: creating WINGs/Documentation/Makefile
config.status:1276: creating WINGs/Resources/Makefile
config.status:1276: creating WINGs/Extras/Makefile
config.status:1276: creating WINGs/Examples/Makefile
config.status:1276: creating WINGs/Tests/Makefile
config.status:1276: creating src/Makefile
config.status:1276: creating src/wconfig.h
config.status:1276: creating po/Makefile
config.status:1276: creating doc/Makefile
config.status:1276: creating doc/build/Makefile
config.status:1276: creating doc/sk/Makefile
config.status:1276: creating doc/cs/Makefile
config.status:1276: creating doc/ru/Makefile
config.status:1276: creating WindowMaker/Makefile
config.status:1276: creating WindowMaker/Backgrounds/Makefile
config.status:1276: creating WindowMaker/Defaults/Makefile
config.status:1276: creating WindowMaker/IconSets/Makefile
config.status:1276: creating WindowMaker/Icons/Makefile
config.status:1276: creating WindowMaker/Pixmaps/Makefile
config.status:1276: creating WindowMaker/Styles/Makefile
config.status:1276: creating WindowMaker/Themes/Makefile
config.status:1276: creating WPrefs.app/Makefile
config.status:1276: creating WPrefs.app/po/Makefile
config.status:1276: creating WPrefs.app/tiff/Makefile
config.status:1276: creating WPrefs.app/xpm/Makefile
config.status:1276: creating util/Makefile
config.status:1276: creating util/po/Makefile
config.status:1276: creating wmlib/Makefile
config.status:1276: creating test/Makefile
config.status:1276: creating config.h
config.status:1505: executing depfiles commands
config.status:1580: cd wrlib       && sed -e '/# am--include-marker/d' Makefile         | make -f - am--depfiles
config.status:1587: $? = 0
config.status:1580: cd wrlib/tests       && sed -e '/# am--include-marker/d' Makefile         | make -f - am--depfiles
make: Nothing to be done for 'am--depfiles'.
config.status:1587: $? = 0
config.status:1580: cd WINGs       && sed -e '/# am--include-marker/d' Makefile         | make -f - am--depfiles
config.status:1587: $? = 0
config.status:1580: cd WINGs/Extras       && sed -e '/# am--include-marker/d' Makefile         | make -f - am--depfiles
make: Nothing to be done for 'am--depfiles'.
config.status:1587: $? = 0
config.status:1580: cd WINGs/Examples       && sed -e '/# am--include-marker/d' Makefile         | make -f - am--depfiles
make: Nothing to be done for 'am--depfiles'.
config.status:1587: $? = 0
config.status:1580: cd WINGs/Tests       && sed -e '/# am--include-marker/d' Makefile         | make -f - am--depfiles
make: Nothing to be done for 'am--depfiles'.
config.status:1587: $? = 0
config.status:1580: cd src       && sed -e '/# am--include-marker/d' Makefile         | make -f - am--depfiles
config.status:1587: $? = 0
config.status:1580: cd WPrefs.app       && sed -e '/# am--include-marker/d' Makefile         | make -f - am--depfiles
config.status:1587: $? = 0
config.status:1580: cd util       && sed -e '/# am--include-marker/d' Makefile         | make -f - am--depfiles
config.status:1587: $? = 0
config.status:1505: executing libtool commands

## ---------------- ##
## Cache variables. ##
## ---------------- ##

ac_cv_build=x86_64-pc-linux-gnu
ac_cv_c_compiler_gnu=yes
ac_cv_c_const=yes
ac_cv_c_inline=inline
ac_cv_env_CC_set=
ac_cv_env_CC_value=
ac_cv_env_CFLAGS_set=set
ac_cv_env_CFLAGS_value='-march=x86-64 -mtune=generic -O2 -pipe -fno-plt -fexceptions         -Wp,-D_FORTIFY_SOURCE=3 -Wformat -Werror=format-security         -fstack-clash-protection -fcf-protection         -fno-omit-frame-pointer -mno-omit-leaf-frame-pointer -g -ffile-prefix-map=/home/nekane/wagashi/windowmaker/src=/usr/src/debug/windowmaker -flto=auto'
ac_cv_env_CPPFLAGS_set=
ac_cv_env_CPPFLAGS_value=
ac_cv_env_CPP_set=
ac_cv_env_CPP_value=
ac_cv_env_LDFLAGS_set=set
ac_cv_env_LDFLAGS_value='-Wl,-O1 -Wl,--sort-common -Wl,--as-needed -Wl,-z,relro -Wl,-z,now          -Wl,-z,pack-relative-relocs -flto=auto'
ac_cv_env_LIBS_set=
ac_cv_env_LIBS_value=
ac_cv_env_LINGUAS_set=set
ac_cv_env_LINGUAS_value='be bg bs ca cs da de el es et fi fr fy gl hr hu hy it ja ko ms nl no pl pt ro ru sk sv tr uk zh_CN zh_TW'
ac_cv_env_LT_SYS_LIBRARY_PATH_set=
ac_cv_env_LT_SYS_LIBRARY_PATH_value=
ac_cv_env_PANGO_CFLAGS_set=
ac_cv_env_PANGO_CFLAGS_value=
ac_cv_env_PANGO_LIBS_set=
ac_cv_env_PANGO_LIBS_value=
ac_cv_env_PKG_CONFIG_LIBDIR_set=
ac_cv_env_PKG_CONFIG_LIBDIR_value=
ac_cv_env_PKG_CONFIG_PATH_set=
ac_cv_env_PKG_CONFIG_PATH_value=
ac_cv_env_PKG_CONFIG_set=
ac_cv_env_PKG_CONFIG_value=
ac_cv_env_XFT_CFLAGS_set=
ac_cv_env_XFT_CFLAGS_value=
ac_cv_env_XFT_LIBS_set=
ac_cv_env_XFT_LIBS_value=
ac_cv_env_XMKMF_set=
ac_cv_env_XMKMF_value=
ac_cv_env_build_alias_set=
ac_cv_env_build_alias_value=
ac_cv_env_host_alias_set=
ac_cv_env_host_alias_value=
ac_cv_env_target_alias_set=
ac_cv_env_target_alias_value=
ac_cv_func_atan=no
ac_cv_func_connect=yes
ac_cv_func_dgettext=yes
ac_cv_func_exif_data_new_from_file=no
ac_cv_func_gethostbyname=yes
ac_cv_func_gethostname=yes
ac_cv_func_gettext=yes
ac_cv_func_mallinfo2=yes
ac_cv_func_memcmp_working=yes
ac_cv_func_mkstemp=yes
ac_cv_func_poll=yes
ac_cv_func_remove=yes
ac_cv_func_select=yes
ac_cv_func_setsid=yes
ac_cv_func_shmat=yes
ac_cv_func_strcasecmp=yes
ac_cv_func_strncasecmp=yes
ac_cv_func_sysconf=yes
ac_cv_func_vprintf=yes
ac_cv_have_x='have_x=yes	ac_x_includes='\'''\''	ac_x_libraries='\'''\'''
ac_cv_header_ctype_h=yes
ac_cv_header_dlfcn_h=yes
ac_cv_header_fcntl_h=yes
ac_cv_header_inttypes_h=yes
ac_cv_header_libexif_exif_data_h=yes
ac_cv_header_libintl_h=yes
ac_cv_header_limits_h=yes
ac_cv_header_malloc_h=yes
ac_cv_header_math_h=yes
ac_cv_header_poll_h=yes
ac_cv_header_stdint_h=yes
ac_cv_header_stdio_h=yes
ac_cv_header_stdlib_h=yes
ac_cv_header_string_h=yes
ac_cv_header_strings_h=yes
ac_cv_header_sys_inotify_h=yes
ac_cv_header_sys_ioctl_h=yes
ac_cv_header_sys_stat_h=yes
ac_cv_header_sys_types_h=yes
ac_cv_header_sys_wait_h=yes
ac_cv_header_syslog_h=yes
ac_cv_header_unistd_h=yes
ac_cv_host=x86_64-pc-linux-gnu
ac_cv_lib_ICE_IceConnectionNumber=yes
ac_cv_lib_X11_XConvertCase=yes
ac_cv_lib_X11_XInternAtoms=yes
ac_cv_lib_X11__Xsetlocale=no
ac_cv_lib_exif_exif_data_new_from_file=yes
ac_cv_lib_m_atan=yes
ac_cv_objext=o
ac_cv_path_EGREP='/usr/bin/grep -E'
ac_cv_path_FGREP='/usr/bin/grep -F'
ac_cv_path_GREP=/usr/bin/grep
ac_cv_path_SED=/usr/bin/sed
ac_cv_path_ac_pt_PKG_CONFIG=/usr/bin/pkg-config
ac_cv_path_install='/usr/bin/install -c'
ac_cv_path_lt_DD=/usr/bin/dd
ac_cv_path_mkdir=/usr/bin/mkdir
ac_cv_prog_AWK=gawk
ac_cv_prog_CPP='gcc -E'
ac_cv_prog_MSGFMT=msgfmt
ac_cv_prog_XGETTEXT=xgettext
ac_cv_prog_ac_ct_AR=ar
ac_cv_prog_ac_ct_CC=gcc
ac_cv_prog_ac_ct_OBJDUMP=objdump
ac_cv_prog_ac_ct_RANLIB=ranlib
ac_cv_prog_ac_ct_STRIP=strip
ac_cv_prog_cc_c11=
ac_cv_prog_cc_g=yes
ac_cv_prog_cc_stdc=
ac_cv_prog_gcc_traditional=no
ac_cv_prog_make_make_set=yes
ac_cv_search_gettext='none required'
ac_cv_search_nanosleep='none required'
ac_cv_search_strerror='none required'
ac_cv_search_strlcat='none required'
ac_cv_search_strlcpy='none required'
ac_cv_type_pid_t=yes
ac_cv_type_size_t=yes
am_cv_CC_dependencies_compiler_type=gcc3
am_cv_make_support_nested_variables=yes
am_cv_prog_cc_c_o=yes
ax_cv_PTHREAD_PRIO_INHERIT=yes
ax_cv_cflags_gcc_option__Wall=-Wall
ax_cv_cflags_gcc_option__Wextra__Wno_sign_compare='-Wextra -Wno-sign-compare'
ax_cv_cflags_gcc_option__Wno_deprecated=-Wno-deprecated
ax_cv_cflags_gcc_option__Wno_deprecated_declarations=-Wno-deprecated-declarations
gl_cv_sys_ld_version_script=yes
lt_cv_ar_at_file=@
lt_cv_archive_cmds_need_lc=no
lt_cv_deplibs_check_method=pass_all
lt_cv_file_magic_cmd='$MAGIC_CMD'
lt_cv_file_magic_test_file=
lt_cv_ld_reload_flag=-r
lt_cv_nm_interface='BSD nm'
lt_cv_objdir=.libs
lt_cv_path_LD=/usr/bin/ld
lt_cv_path_NM='/usr/bin/nm -B'
lt_cv_path_mainfest_tool=no
lt_cv_prog_compiler_c_o=yes
lt_cv_prog_compiler_pic='-fPIC -DPIC'
lt_cv_prog_compiler_pic_works=yes
lt_cv_prog_compiler_rtti_exceptions=no
lt_cv_prog_compiler_static_works=yes
lt_cv_prog_gnu_ld=yes
lt_cv_sharedlib_from_linklib_cmd='printf %s\n'
lt_cv_shlibpath_overrides_runpath=yes
lt_cv_sys_global_symbol_pipe='sed -n -e '\''s/^.*[	 ]\([ABCDGIRSTW][ABCDGIRSTW]*\)[	 ][	 ]*\([_A-Za-z][_A-Za-z0-9]*\)$/\1 \2 \2/p'\'' | sed '\''/ __gnu_lto/d'\'''
lt_cv_sys_global_symbol_to_c_name_address='sed -n -e '\''s/^: \(.*\) .*$/  {"\1", (void *) 0},/p'\'' -e '\''s/^[ABCDGIRSTW][ABCDGIRSTW]* .* \(.*\)$/  {"\1", (void *) \&\1},/p'\'''
lt_cv_sys_global_symbol_to_c_name_address_lib_prefix='sed -n -e '\''s/^: \(.*\) .*$/  {"\1", (void *) 0},/p'\'' -e '\''s/^[ABCDGIRSTW][ABCDGIRSTW]* .* \(lib.*\)$/  {"\1", (void *) \&\1},/p'\'' -e '\''s/^[ABCDGIRSTW][ABCDGIRSTW]* .* \(.*\)$/  {"lib\1", (void *) \&\1},/p'\'''
lt_cv_sys_global_symbol_to_cdecl='sed -n -e '\''s/^T .* \(.*\)$/extern int \1();/p'\'' -e '\''s/^[ABCDGIRSTW][ABCDGIRSTW]* .* \(.*\)$/extern char \1;/p'\'''
lt_cv_sys_global_symbol_to_import=
lt_cv_sys_max_cmd_len=1572864
lt_cv_to_host_file_cmd=func_convert_file_noop
lt_cv_to_tool_file_cmd=func_convert_file_noop
lt_cv_truncate_bin='/usr/bin/dd bs=4096 count=1'
pkg_cv_PANGO_CFLAGS='-I/usr/include/pango-1.0 -I/usr/include/libmount -I/usr/include/blkid -I/usr/include/fribidi -I/usr/include/cairo -I/usr/include/pixman-1 -I/usr/include/harfbuzz -I/usr/include/freetype2 -I/usr/include/libpng16 -I/usr/include/glib-2.0 -I/usr/lib/glib-2.0/include -I/usr/include/sysprof-6 -pthread'
pkg_cv_PANGO_LIBS='-lpangoxft-1.0 -lpangoft2-1.0 -lpango-1.0 -lXft -lfontconfig -lharfbuzz -lfreetype -lgobject-2.0 -lglib-2.0'
pkg_cv_XFT_CFLAGS='-I/usr/include/freetype2 -I/usr/include/libpng16'
pkg_cv_XFT_LIBS=-lXft
wm_cv_c_check_compopt_Werror_trampolines=-Werror=trampolines
wm_cv_c_noreturn=stdnoreturn
wm_cv_func_open_nofollow=yes
wm_cv_func_secure_getenv=-D_GNU_SOURCE
wm_cv_imgfmt_gif='-lgif version:5'
wm_cv_imgfmt_webp=-lwebp
wm_cv_imgfmt_xpm=-lXpm
wm_cv_libchk_jpeg=-ljpeg
wm_cv_libchk_magick='-I/usr/include/ImageMagick-7 -fopenmp -DMAGICKCORE_HDRI_ENABLE=1 -DMAGICKCORE_QUANTUM_DEPTH=16 -DMAGICKCORE_CHANNEL_MASK_DEPTH=32 % -lMagickWand-7.Q16HDRI -lMagickCore-7.Q16HDRI'
wm_cv_libchk_magick_cflags='-I/usr/include/ImageMagick-7 -fopenmp -DMAGICKCORE_HDRI_ENABLE=1 -DMAGICKCORE_QUANTUM_DEPTH=16 -DMAGICKCORE_CHANNEL_MASK_DEPTH=32'
wm_cv_libchk_magick_libs='-lMagickWand-7.Q16HDRI -lMagickCore-7.Q16HDRI'
wm_cv_libchk_magick_version=7
wm_cv_libchk_png=-lpng
wm_cv_libchk_randr=-lXrandr
wm_cv_libchk_tiff=-ltiff
wm_cv_libchk_xres=no
wm_cv_libchk_xshape=-lXext
wm_cv_libchk_xshm=-lXext
wm_cv_libm_pi=yes
wm_cv_libm_sinf=yes
wm_cv_library_constructors=attribute
wm_cv_prog_cc_c11=native
wm_cv_prog_cc_nestedfunc=yes
wm_cv_type_signal=void
wm_cv_xext_xinerama='-lXinerama '
wm_cv_xext_xmu=-lXmu

## ----------------- ##
## Output variables. ##
## ----------------- ##

ACLOCAL='${SHELL} '\''/home/nekane/wagashi/windowmaker/src/WindowMaker-0.96.0/missing'\'' aclocal-1.16'
AMDEPBACKSLASH='\'
AMDEP_FALSE='#'
AMDEP_TRUE=''
AMTAR='$${TAR-tar}'
AM_BACKSLASH='\'
AM_DEFAULT_V='$(AM_DEFAULT_VERBOSITY)'
AM_DEFAULT_VERBOSITY='1'
AM_V='$(V)'
AR='ar'
AUTOCONF='${SHELL} '\''/home/nekane/wagashi/windowmaker/src/WindowMaker-0.96.0/missing'\'' autoconf'
AUTOHEADER='${SHELL} '\''/home/nekane/wagashi/windowmaker/src/WindowMaker-0.96.0/missing'\'' autoheader'
AUTOMAKE='${SHELL} '\''/home/nekane/wagashi/windowmaker/src/WindowMaker-0.96.0/missing'\'' automake-1.16'
AWK='gawk'
CC='gcc'
CCDEPMODE='depmode=gcc3'
CFLAGS='-march=x86-64 -mtune=generic -O2 -pipe -fno-plt -fexceptions         -Wp,-D_FORTIFY_SOURCE=3 -Wformat -Werror=format-security         -fstack-clash-protection -fcf-protection         -fno-omit-frame-pointer -mno-omit-leaf-frame-pointer -g -ffile-prefix-map=/home/nekane/wagashi/windowmaker/src=/usr/src/debug/windowmaker -flto=auto -Wall -Wextra -Wno-sign-compare -Werror=trampolines -Wno-deprecated -Wno-deprecated-declarations'
CPP='gcc -E'
CPPFLAGS=' -DNDEBUG -D_XOPEN_SOURCE=700 -D_GNU_SOURCE'
CSCOPE='cscope'
CTAGS='ctags'
CYGPATH_W='echo'
DEFS='-DHAVE_CONFIG_H'
DEPDIR='.deps'
DLLTOOL='false'
DSYMUTIL=''
DUMPBIN=''
ECHO_C=''
ECHO_N='-n'
ECHO_T=''
EGREP='/usr/bin/grep -E'
ETAGS='etags'
EXEEXT=''
FCLIBS='-lfontconfig'
FGREP='/usr/bin/grep -F'
GFXLIBS=' -lXpm -lpng -ljpeg -lgif -ltiff -lwebp'
GREP='/usr/bin/grep'
GROFF=''
HAVE_LD_VERSION_SCRIPT_FALSE='#'
HAVE_LD_VERSION_SCRIPT_TRUE=''
HAVE_XGETTEXT_FALSE='#'
HAVE_XGETTEXT_TRUE=''
HEADER_SEARCH_PATH='-I${includedir} '
ICONEXT='tiff'
ICON_EXT_TIFF_FALSE='#'
ICON_EXT_TIFF_TRUE=''
ICON_EXT_XPM_FALSE=''
ICON_EXT_XPM_TRUE='#'
INSTALL_DATA='${INSTALL} -m 644'
INSTALL_PROGRAM='${INSTALL}'
INSTALL_SCRIPT='${INSTALL}'
INSTALL_STRIP_PROGRAM='$(install_sh) -c -s'
INTLIBS=''
LD='/usr/bin/ld -m elf_x86_64'
LDFLAGS='-Wl,-O1 -Wl,--sort-common -Wl,--as-needed -Wl,-z,relro -Wl,-z,now          -Wl,-z,pack-relative-relocs -flto=auto'
LIBBSD=''
LIBEXIF='-lexif'
LIBM='-lm'
LIBOBJS=''
LIBRARY_SEARCH_PATH='-L${libdir} '
LIBS=''
LIBTOOL='$(SHELL) $(top_builddir)/libtool'
LIBXINERAMA='-lXinerama '
LIBXMU='-lXmu'
LIBXRANDR=' -lXrandr'
LINGUAS='be bg bs ca cs da de el es et fi fr fy gl hr hu hy it ja ko ms nl no pl pt ro ru sk sv tr uk zh_CN zh_TW'
LIPO=''
LN_S='ln -s'
LTLIBOBJS=''
LT_SYS_LIBRARY_PATH=''
MAGICKFLAGS='-I/usr/include/ImageMagick-7 -fopenmp -DMAGICKCORE_HDRI_ENABLE=1 -DMAGICKCORE_QUANTUM_DEPTH=16 -DMAGICKCORE_CHANNEL_MASK_DEPTH=32'
MAGICKLIBS='-lMagickWand-7.Q16HDRI -lMagickCore-7.Q16HDRI'
MAKEINFO='${SHELL} '\''/home/nekane/wagashi/windowmaker/src/WindowMaker-0.96.0/missing'\'' makeinfo'
MANIFEST_TOOL=':'
MANLANGDIRS='cs ru sk'
MKDIR_P='/usr/bin/mkdir -p'
MSGFMT='msgfmt'
NM='/usr/bin/nm -B'
NMEDIT=''
OBJDUMP='objdump'
OBJEXT='o'
OTOOL64=''
OTOOL=''
PACKAGE='WindowMaker'
PACKAGE_BUGREPORT='wmaker-dev@googlegroups.com'
PACKAGE_NAME='WindowMaker'
PACKAGE_STRING='WindowMaker 0.96.0'
PACKAGE_TARNAME='WindowMaker'
PACKAGE_URL='http://www.windowmaker.org/'
PACKAGE_VERSION='0.96.0'
PANGO_CFLAGS='-I/usr/include/pango-1.0 -I/usr/include/libmount -I/usr/include/blkid -I/usr/include/fribidi -I/usr/include/cairo -I/usr/include/pixman-1 -I/usr/include/harfbuzz -I/usr/include/freetype2 -I/usr/include/libpng16 -I/usr/include/glib-2.0 -I/usr/lib/glib-2.0/include -I/usr/include/sysprof-6 -pthread'
PANGO_LIBS='-lpangoxft-1.0 -lpangoft2-1.0 -lpango-1.0 -lXft -lfontconfig -lharfbuzz -lfreetype -lgobject-2.0 -lglib-2.0'
PATH_SEPARATOR=':'
PKG_CONFIG='/usr/bin/pkg-config'
PKG_CONFIG_LIBDIR=''
PKG_CONFIG_PATH=''
PTHREAD_CC='gcc'
PTHREAD_CFLAGS=''
PTHREAD_LIBS=''
RANLIB='ranlib'
SED='/usr/bin/sed'
SET_MAKE=''
SHELL='/bin/sh'
STRIP='strip'
USE_DOCK_XDND_FALSE='#'
USE_DOCK_XDND_TRUE=''
USE_GIF_FALSE='#'
USE_GIF_TRUE=''
USE_JPEG_FALSE='#'
USE_JPEG_TRUE=''
USE_LCOV_FALSE=''
USE_LCOV_TRUE='#'
USE_MAGICK_FALSE='#'
USE_MAGICK_TRUE=''
USE_MWM_HINTS_FALSE='#'
USE_MWM_HINTS_TRUE=''
USE_NESTED_FUNC_FALSE='#'
USE_NESTED_FUNC_TRUE=''
USE_PNG_FALSE='#'
USE_PNG_TRUE=''
USE_TIFF_FALSE='#'
USE_TIFF_TRUE=''
USE_WEBP_FALSE='#'
USE_WEBP_TRUE=''
USE_XPM_FALSE='#'
USE_XPM_TRUE=''
UTILMOFILES=' de.mo es.mo fr.mo fy.mo nl.mo pt.mo'
VERSION='0.96.0'
WEB_REPO_ROOT=''
WINGSMOFILES=' bg.mo ca.mo cs.mo de.mo fr.mo fy.mo hu.mo nl.mo sk.mo'
WINGS_VERSION='5:0:2'
WITH_WEB_REPO_FALSE=''
WITH_WEB_REPO_TRUE='#'
WMAKERMOFILES=' be.mo bg.mo bs.mo ca.mo cs.mo da.mo de.mo el.mo es.mo et.mo fi.mo fr.mo fy.mo gl.mo hr.mo hu.mo hy.mo it.mo ja.mo ko.mo ms.mo nl.mo no.mo pl.mo pt.mo ro.mo ru.mo sk.mo sv.mo tr.mo uk.mo zh_CN.mo zh_TW.mo'
WM_OSDEP_BSD_FALSE=''
WM_OSDEP_BSD_TRUE='#'
WM_OSDEP_DARWIN_FALSE=''
WM_OSDEP_DARWIN_TRUE='#'
WM_OSDEP_GENERIC_FALSE=''
WM_OSDEP_GENERIC_TRUE='#'
WM_OSDEP_LINUX_FALSE='#'
WM_OSDEP_LINUX_TRUE=''
WPREFSMOFILES=' bg.mo ca.mo cs.mo de.mo es.mo et.mo fi.mo fr.mo fy.mo hr.mo hu.mo it.mo ja.mo ko.mo nl.mo pt.mo ru.mo sk.mo tr.mo uk.mo zh_CN.mo zh_TW.mo'
WRASTERMOFILES=' fr.mo'
WRASTER_VERSION='7:0:1'
WUTIL_VERSION='5:0:0'
XCFLAGS=''
XFTCONFIG=''
XFT_CFLAGS='-I/usr/include/freetype2 -I/usr/include/libpng16'
XFT_LIBS='-lXft'
XGETTEXT='xgettext'
XLFLAGS=''
XLIBS='-lX11  -lXext'
XMKMF=''
X_CFLAGS=''
X_EXTRA_LIBS=''
X_LIBRARY_PATH=''
X_LIBS=''
X_PRE_LIBS=' -lSM -lICE'
ac_ct_AR='ar'
ac_ct_CC='gcc'
ac_ct_DUMPBIN=''
am__EXEEXT_FALSE=''
am__EXEEXT_TRUE='#'
am__fastdepCC_FALSE='#'
am__fastdepCC_TRUE=''
am__include='include'
am__isrc=''
am__leading_dot='.'
am__nodep='_no'
am__quote=''
am__tar='$${TAR-tar} chof - "$$tardir"'
am__untar='$${TAR-tar} xf -'
ax_pthread_config=''
bindir='${exec_prefix}/bin'
build='x86_64-pc-linux-gnu'
build_alias=''
build_cpu='x86_64'
build_os='linux-gnu'
build_vendor='pc'
datadir='${datarootdir}'
datarootdir='${prefix}/share'
docdir='${datarootdir}/doc/${PACKAGE_TARNAME}'
dvidir='${docdir}'
exec_prefix='${prefix}'
host='x86_64-pc-linux-gnu'
host_alias=''
host_cpu='x86_64'
host_os='linux-gnu'
host_vendor='pc'
htmldir='${docdir}'
inc_search_path='-I${includedir} '
includedir='${prefix}/include'
infodir='${datarootdir}/info'
install_sh='${SHELL} /home/nekane/wagashi/windowmaker/src/WindowMaker-0.96.0/install-sh'
lcov_output_directory=''
lib_search_path='-L${libdir} '
libdir='${exec_prefix}/lib'
libexecdir='${exec_prefix}/libexec'
localedir='/usr/share/locale'
localstatedir='${prefix}/var'
mandir='${datarootdir}/man'
mkdir_p='$(MKDIR_P)'
oldincludedir='/usr/include'
pdfdir='${docdir}'
pixmapdir='${datadir}/pixmaps'
pkgconfdir='${sysconfdir}/${PACKAGE_TARNAME}'
prefix='/usr'
program_transform_name='s,x,x,'
psdir='${docdir}'
runstatedir='${localstatedir}/run'
sbindir='${exec_prefix}/sbin'
sharedstatedir='${prefix}/com'
sysconfdir='/etc'
target_alias=''
wprefs_bindir='/usr/lib/GNUstep/Applications/WPrefs.app'
wprefs_datadir='/usr/lib/GNUstep/Applications/WPrefs.app'

## ----------- ##
## confdefs.h. ##
## ----------- ##

/* confdefs.h */
#define PACKAGE_NAME "WindowMaker"
#define PACKAGE_TARNAME "WindowMaker"
#define PACKAGE_VERSION "0.96.0"
#define PACKAGE_STRING "WindowMaker 0.96.0"
#define PACKAGE_BUGREPORT "wmaker-dev@googlegroups.com"
#define PACKAGE_URL "http://www.windowmaker.org/"
#define PACKAGE "WindowMaker"
#define VERSION "0.96.0"
#define HAVE_STDIO_H 1
#define HAVE_STDLIB_H 1
#define HAVE_STRING_H 1
#define HAVE_INTTYPES_H 1
#define HAVE_STDINT_H 1
#define HAVE_STRINGS_H 1
#define HAVE_SYS_STAT_H 1
#define HAVE_SYS_TYPES_H 1
#define HAVE_UNISTD_H 1
#define STDC_HEADERS 1
#define HAVE_DLFCN_H 1
#define LT_OBJDIR ".libs/"
#define HAVE_PTHREAD_PRIO_INHERIT 1
#define HAVE_PTHREAD 1
#define USE_ANIMATIONS 1
#define USE_MWM_HINTS 1
#define HAVE_VPRINTF 1
#define HAVE_SECURE_GETENV 1
#define HAVE_GETHOSTNAME 1
#define HAVE_SELECT 1
#define HAVE_POLL 1
#define HAVE_STRCASECMP 1
#define HAVE_STRNCASECMP 1
#define HAVE_SETSID 1
#define HAVE_MALLINFO2 1
#define HAVE_MKSTEMP 1
#define HAVE_SYSCONF 1
#define HAVE_STRLCAT 1
#define HAVE_STRLCAT 1
#define HAVE_SYS_INOTIFY_H 1
#define HAVE_INOTIFY 1
#define HAVE_SYSLOG_H 1
#define HAVE_SYSLOG 1
#define HAVE_SYS_WAIT_H 1
#define HAVE_FCNTL_H 1
#define HAVE_LIMITS_H 1
#define HAVE_SYS_IOCTL_H 1
#define HAVE_LIBINTL_H 1
#define HAVE_POLL_H 1
#define HAVE_MALLOC_H 1
#define HAVE_CTYPE_H 1
#define HAVE_STRING_H 1
#define HAVE_STRINGS_H 1
#define HAVE_STDNORETURN 1
#define RETSIGTYPE void
#define HAVE_GETTEXT 1
#define HAVE_DGETTEXT 1
#define I18N 1
#define WLIB_CONSTRUCTOR(func_name) __attribute__ ((constructor)) func_name
#define HAVE_XINTERNATOMS 1
#define HAVE_XCONVERTCASE 1
#define XKB_MODELOCK 1
#define USE_DOCK_XDND 1
#define USE_XSHAPE 1
#define USE_XSHM 1
#define HAVE_LIBXMU 1
#define USE_XINERAMA 1
#define USE_RANDR 1
#define WM_PI (M_PI)
#define HAVE_FLOAT_MATHFUNC 1
#define USE_PANGO 1
#define USE_XPM 1
#define HAVE_EXIF 1
#define USE_PNG 1
#define USE_JPEG 1
#define USE_GIF 5
#define USE_TIFF 1
#define USE_WEBP 1
#define USE_MAGICK 7
#define HAVE_STDLIB_H 1
#define USER_MENU 1

configure: exit 0
